Age,Temperature_C,Heart_Rate_BPM,Respiratory_Rate_BPM,Weight_Change_Percent,Food_Intake_Percent,Stool_Consistency,Activity_Level,Edema,Trunk_Moisture,Mucous_Membrane,Gait_Score,Health_Status,Diagnosis
6,39.3,56,16,-2.5,34,Normal,Low (Lethargic),Mild,Dry,Dry/Tacky,Normal,Infection,Bacterial/Viral Infection
16,38.6,54,24,-1.8,50,Normal,Low (Lethargic),None,Moist,Dry/Tacky,Normal,Infection,Bacterial/Viral Infection
40,36.5,33,6,1.0,90,Normal,Moderate,None,Moist,Pink,Normal,Healthy,No_Diagnosis
1,36.6,26,10,0.3,98,Normal,High,None,Moist,Pink,Normal,Healthy,No_Diagnosis
55,36.3,29,7,-0.3,98,Normal,High,None,Moist,Pink,Normal,Healthy,No_Diagnosis
6,36.4,33,11,0.4,100,Normal,Moderate,None,Moist,Pink,Normal,Healthy,No_Diagnosis
37,35.7,28,7,-0.1,91,Normal,Moderate,Mild,Moist,Pink,Lameness,Arthritis,Joint Inflammation
36,36.8,34,8,0.1,97,Normal,High,None,Moist,Pink,Normal,Healthy,No_Diagnosis
6,39.0,41,23,-2.1,47,Normal,Low (Lethargic),None,Dry,Pale,Normal,Infection,Bacterial/Viral Infection
16,36.3,34,12,0.2,88,Normal,High,None,Moist,Pink,Normal,Healthy,No_Diagnosis
35,36.4,35,10,-0.9,95,Normal,High,None,Moist,Pink,Normal,Healthy,No_Diagnosis
47,36.7,31,8,0.3,97,Normal,High,None,Moist,Pink,Normal,Healthy,No_Diagnosis
32,36.4,35,11,0.4,87,Normal,Moderate,None,Moist,Pink,Normal,Healthy,No_Diagnosis
53,37.5,40,24,-4.8,45,Constipated,Low (Lethargic),None,Dry,Dry/Tacky,Normal,Dehydration,Severe Dehydration
34,36.7,32,9,0.2,86,Normal,High,None,Moist,Pink,Normal,Healthy,No_Diagnosis
44,36.8,28,5,1.0,90,Normal,High,None,Moist,Pink,Normal,Healthy,No_Diagnosis
57,35.7,33,13,0.4,82,Normal,Moderate,Mild,Moist,Pink,Stiff,Arthritis,Joint Inflammation
25,36.0,25,11,-0.8,98,Normal,Moderate,None,Moist,Pink,Normal,Healthy,No_Diagnosis
11,39.7,41,26,-2.6,37,Normal,Low (Lethargic),Mild,Moist,Pink,Normal,Infection,Bacterial/Viral Infection
58,36.7,34,11,-0.7,100,Normal,Moderate,None,Moist,Pink,Normal,Healthy,No_Diagnosis
51,36.5,34,11,0.9,97,Normal,Moderate,None,Moist,Pink,Normal,Healthy,No_Diagnosis
50,36.5,28,5,0.6,88,Normal,High,None,Moist,Pink,Normal,Healthy,No_Diagnosis
19,37.3,53,23,-2.3,62,Constipated,Low (Lethargic),None,Dry,Dry/Tacky,Normal,Dehydration,Severe Dehydration
5,37.5,44,14,-1.5,41,Constipated,Low (Lethargic),None,Dry,Pink,Normal,Indigestion,Colic / Digestion Issue
43,36.3,28,11,-0.6,93,Normal,Moderate,None,Moist,Pink,Normal,Healthy,No_Diagnosis
57,36.3,34,6,-0.2,93,Normal,Moderate,None,Moist,Pink,Normal,Healthy,No_Diagnosis
21,35.9,34,8,-0.3,97,Normal,High,None,Moist,Pink,Normal,Healthy,No_Diagnosis
58,36.0,32,12,0.2,93,Normal,High,None,Moist,Pink,Normal,Healthy,No_Diagnosis
40,37.5,58,19,-2.6,64,Normal,Low (Lethargic),None,Dry,Dry/Tacky,Normal,Dehydration,Severe Dehydration
39,35.7,38,17,-1.5,44,Constipated,Low (Lethargic),Mild,Dry,Pink,Normal,Indigestion,Colic / Digestion Issue
11,36.0,33,5,-0.6,85,Normal,High,None,Moist,Pink,Normal,Healthy,No_Diagnosis
58,35.9,30,5,0.1,90,Normal,Moderate,None,Moist,Pink,Normal,Healthy,No_Diagnosis
55,35.9,47,9,-0.4,18,Constipated,Low (Lethargic),None,Moist,Pale,Normal,Indigestion,Colic / Digestion Issue
30,36.0,25,8,0.2,96,Normal,Moderate,None,Moist,Pink,Normal,Healthy,No_Diagnosis
58,35.6,34,9,0.1,78,Normal,Moderate,Severe,Moist,Pink,Stiff,Arthritis,Joint Inflammation
48,38.7,52,20,-3.0,35,Loose,Low (Lethargic),Mild,Moist,Dry/Tacky,Stiff,Infection,Bacterial/Viral Infection
8,36.6,31,11,-0.5,99,Normal,Moderate,None,Moist,Pink,Normal,Healthy,No_Diagnosis
41,36.1,30,8,-0.5,97,Normal,Moderate,None,Moist,Pink,Normal,Healthy,No_Diagnosis
27,36.1,29,6,-0.6,98,Normal,Moderate,None,Moist,Pink,Normal,Healthy,No_Diagnosis
54,36.1,29,5,-0.9,99,Normal,Moderate,None,Moist,Pink,Normal,Healthy,No_Diagnosis
40,35.7,36,14,0.1,86,Normal,Low (Lethargic),Severe,Moist,Pink,Stiff,Arthritis,Joint Inflammation
57,37.6,49,19,-3.4,40,Constipated,Low (Lethargic),None,Dry,Dry/Tacky,Stiff,Dehydration,Severe Dehydration
54,37.0,37,11,-0.6,89,Normal,Moderate,Severe,Moist,Pink,Lameness,Arthritis,Joint Inflammation
7,35.9,32,6,-0.2,88,Normal,High,None,Moist,Pink,Normal,Healthy,No_Diagnosis
37,39.6,50,20,-1.6,30,Normal,Low (Lethargic),None,Dry,Pale,Normal,Infection,Bacterial/Viral Infection
56,36.4,34,9,0.4,95,Normal,High,None,Moist,Pink,Normal,Healthy,No_Diagnosis
8,35.5,43,17,-2.1,25,Constipated,High,None,Dry,Pink,Normal,Indigestion,Colic / Digestion Issue
49,40.5,59,18,-2.2,39,Normal,Low (Lethargic),None,Dry,Dry/Tacky,Stiff,Infection,Bacterial/Viral Infection
15,38.8,41,25,-1.8,47,Loose,Low (Lethargic),None,Dry,Dry/Tacky,Normal,Infection,Bacterial/Viral Infection
53,36.7,39,11,-1.5,94,Normal,Moderate,Severe,Moist,Pink,Stiff,Arthritis,Joint Inflammation
50,35.9,32,5,-0.1,95,Normal,Moderate,None,Moist,Pink,Normal,Healthy,No_Diagnosis
50,36.0,45,12,-2.6,47,Constipated,Low (Lethargic),Mild,Dry,Pink,Normal,Indigestion,Colic / Digestion Issue
43,36.0,47,15,-0.5,49,Constipated,Moderate,Mild,Dry,Pale,Normal,Indigestion,Colic / Digestion Issue
60,36.6,49,17,-2.5,67,Constipated,Low (Lethargic),None,Dry,Dry/Tacky,Stiff,Dehydration,Severe Dehydration
56,36.7,25,5,-0.5,95,Normal,High,None,Moist,Pink,Normal,Healthy,No_Diagnosis
41,37.2,42,20,-1.5,16,Constipated,High,None,Dry,Pale,Normal,Indigestion,Colic / Digestion Issue
50,36.4,30,5,-0.1,95,Normal,Moderate,None,Moist,Pink,Normal,Healthy,No_Diagnosis
33,36.4,30,9,0.7,100,Normal,Moderate,None,Moist,Pink,Normal,Healthy,No_Diagnosis
17,36.2,26,6,-0.4,98,Normal,High,None,Moist,Pink,Normal,Healthy,No_Diagnosis
39,36.8,33,6,-0.2,99,Normal,Moderate,None,Moist,Pink,Normal,Healthy,No_Diagnosis
34,36.6,40,16,-2.1,48,Constipated,Moderate,None,Dry,Pink,Normal,Indigestion,Colic / Digestion Issue
19,36.1,26,8,0.8,92,Normal,High,None,Moist,Pink,Normal,Healthy,No_Diagnosis
58,38.6,53,20,-2.5,56,Loose,Low (Lethargic),Mild,Dry,Pale,Stiff,Infection,Bacterial/Viral Infection
23,36.4,31,8,0.8,88,Normal,High,None,Moist,Pink,Normal,Healthy,No_Diagnosis
48,36.6,31,9,-0.3,92,Normal,High,None,Moist,Pink,Normal,Healthy,No_Diagnosis
56,36.6,33,8,-0.4,76,Normal,Low (Lethargic),Mild,Moist,Pink,Stiff,Arthritis,Joint Inflammation
57,36.2,26,8,-0.7,76,Normal,Low (Lethargic),Severe,Moist,Pink,Stiff,Arthritis,Joint Inflammation
12,36.2,37,19,-1.1,33,Loose,High,None,Dry,Pale,Normal,Indigestion,Colic / Digestion Issue
2,37.2,36,14,-2.1,34,Loose,Moderate,Mild,Dry,Pale,Normal,Indigestion,Colic / Digestion Issue
15,39.9,57,30,-2.9,57,Loose,Low (Lethargic),Mild,Moist,Pink,Stiff,Infection,Bacterial/Viral Infection
33,38.5,48,24,-2.8,47,Normal,Low (Lethargic),Mild,Moist,Pale,Stiff,Infection,Bacterial/Viral Infection
14,36.0,34,7,-0.2,88,Normal,Moderate,None,Moist,Pink,Normal,Healthy,No_Diagnosis
36,36.7,38,7,-1.7,73,Normal,Moderate,Severe,Moist,Pink,Stiff,Arthritis,Joint Inflammation
30,36.1,35,11,0.4,92,Normal,High,None,Moist,Pink,Normal,Healthy,No_Diagnosis
59,38.0,56,14,-3.0,41,Constipated,Low (Lethargic),None,Dry,Dry/Tacky,Normal,Dehydration,Severe Dehydration
51,35.6,28,14,-1.4,76,Normal,Moderate,Severe,Moist,Pink,Lameness,Arthritis,Joint Inflammation
13,36.2,35,12,-0.8,88,Normal,Moderate,None,Moist,Pink,Normal,Healthy,No_Diagnosis
17,36.4,30,11,-0.7,99,Normal,Moderate,None,Moist,Pink,Normal,Healthy,No_Diagnosis
36,39.1,47,15,-1.4,51,Loose,Low (Lethargic),Mild,Moist,Pale,Stiff,Infection,Bacterial/Viral Infection
60,36.4,25,7,-0.6,94,Normal,Moderate,None,Moist,Pink,Normal,Healthy,No_Diagnosis
3,39.9,36,23,-1.9,38,Normal,Low (Lethargic),Mild,Dry,Pink,Stiff,Infection,Bacterial/Viral Infection
50,35.9,28,9,0.4,94,Normal,High,None,Moist,Pink,Normal,Healthy,No_Diagnosis
18,36.6,35,11,0.2,92,Normal,High,None,Moist,Pink,Normal,Healthy,No_Diagnosis
19,36.6,25,10,0.8,88,Normal,Moderate,None,Moist,Pink,Normal,Healthy,No_Diagnosis
8,38.3,53,15,-3.0,50,Constipated,Low (Lethargic),None,Dry,Dry/Tacky,Stiff,Dehydration,Severe Dehydration
15,36.8,47,25,-3.6,47,Constipated,Low (Lethargic),None,Dry,Dry/Tacky,Normal,Dehydration,Severe Dehydration
2,37.0,38,17,-0.1,38,Loose,Moderate,None,Moist,Pink,Normal,Indigestion,Colic / Digestion Issue
59,39.5,36,20,-1.9,32,Loose,Low (Lethargic),Mild,Moist,Pale,Normal,Infection,Bacterial/Viral Infection
7,37.5,45,14,-0.1,46,Constipated,High,Mild,Moist,Pale,Normal,Indigestion,Colic / Digestion Issue
39,36.4,26,10,-0.8,86,Normal,High,None,Moist,Pink,Normal,Healthy,No_Diagnosis
36,39.3,48,26,-1.3,49,Normal,Low (Lethargic),None,Moist,Dry/Tacky,Stiff,Infection,Bacterial/Viral Infection
12,35.9,31,10,-0.2,95,Normal,Moderate,None,Moist,Pink,Normal,Healthy,No_Diagnosis
27,36.6,32,5,0.8,90,Normal,High,None,Moist,Pink,Normal,Healthy,No_Diagnosis
41,35.9,33,10,1.0,100,Normal,High,None,Moist,Pink,Normal,Healthy,No_Diagnosis
22,36.3,30,12,0.6,88,Normal,Moderate,None,Moist,Pink,Normal,Healthy,No_Diagnosis
56,36.5,34,8,1.0,96,Normal,High,None,Moist,Pink,Normal,Healthy,No_Diagnosis
54,36.8,30,11,-0.2,91,Normal,Low (Lethargic),Mild,Moist,Pink,Lameness,Arthritis,Joint Inflammation
53,38.2,60,16,-2.9,50,Normal,Low (Lethargic),None,Dry,Dry/Tacky,Stiff,Dehydration,Severe Dehydration
44,36.1,27,7,-0.3,92,Normal,Moderate,None,Moist,Pink,Normal,Healthy,No_Diagnosis
57,36.8,37,8,-0.8,46,Loose,Low (Lethargic),None,Dry,Pale,Normal,Indigestion,Colic / Digestion Issue
42,38.0,49,24,-2.2,56,Normal,Low (Lethargic),None,Moist,Dry/Tacky,Normal,Infection,Bacterial/Viral Infection
42,36.4,36,10,-3.0,44,Constipated,High,Mild,Moist,Pale,Normal,Indigestion,Colic / Digestion Issue
16,38.3,50,17,-2.7,54,Loose,Low (Lethargic),None,Moist,Dry/Tacky,Normal,Infection,Bacterial/Viral Infection
53,36.9,37,6,-1.7,71,Normal,Moderate,Severe,Moist,Pink,Stiff,Arthritis,Joint Inflammation
37,35.9,33,5,-0.5,96,Normal,Moderate,None,Moist,Pink,Normal,Healthy,No_Diagnosis
44,35.5,33,10,-0.0,22,Constipated,High,None,Moist,Pale,Normal,Indigestion,Colic / Digestion Issue
22,36.1,28,7,-0.5,93,Normal,Moderate,None,Moist,Pink,Normal,Healthy,No_Diagnosis
15,36.1,32,6,0.4,87,Normal,Moderate,None,Moist,Pink,Normal,Healthy,No_Diagnosis
39,35.9,31,11,0.1,93,Normal,High,None,Moist,Pink,Normal,Healthy,No_Diagnosis
53,36.5,31,5,-0.6,91,Normal,High,None,Moist,Pink,Normal,Healthy,No_Diagnosis
60,36.3,27,6,-0.6,85,Normal,High,None,Moist,Pink,Normal,Healthy,No_Diagnosis
38,35.5,30,11,-1.0,82,Normal,Low (Lethargic),Severe,Moist,Pink,Lameness,Arthritis,Joint Inflammation
8,36.0,28,6,0.8,94,Normal,High,None,Moist,Pink,Normal,Healthy,No_Diagnosis
7,37.3,54,18,-3.2,46,Normal,Low (Lethargic),None,Dry,Dry/Tacky,Stiff,Dehydration,Severe Dehydration
45,36.0,36,12,-0.3,88,Normal,Moderate,Mild,Moist,Pink,Lameness,Arthritis,Joint Inflammation
18,36.7,46,16,-2.2,20,Constipated,Moderate,None,Dry,Pink,Normal,Indigestion,Colic / Digestion Issue
41,36.0,29,5,-0.9,98,Normal,Moderate,None,Moist,Pink,Normal,Healthy,No_Diagnosis
43,36.2,27,6,0.9,97,Normal,Moderate,None,Moist,Pink,Normal,Healthy,No_Diagnosis
30,37.1,45,19,-1.9,41,Constipated,Moderate,None,Moist,Pale,Normal,Indigestion,Colic / Digestion Issue
14,38.2,55,19,-2.5,40,Normal,Low (Lethargic),None,Dry,Dry/Tacky,Stiff,Dehydration,Severe Dehydration
60,36.6,34,12,0.1,95,Normal,Moderate,None,Moist,Pink,Normal,Healthy,No_Diagnosis
26,36.0,28,9,1.0,92,Normal,Moderate,None,Moist,Pink,Normal,Healthy,No_Diagnosis
1,35.9,26,5,0.5,100,Normal,Moderate,None,Moist,Pink,Normal,Healthy,No_Diagnosis
3,36.4,28,7,0.4,86,Normal,High,None,Moist,Pink,Normal,Healthy,No_Diagnosis
48,35.6,27,11,-1.4,84,Normal,Low (Lethargic),Mild,Moist,Pink,Lameness,Arthritis,Joint Inflammation
59,36.9,35,14,0.2,95,Normal,Low (Lethargic),Mild,Moist,Pink,Lameness,Arthritis,Joint Inflammation
36,36.9,41,15,-3.0,21,Constipated,High,None,Moist,Pink,Normal,Indigestion,Colic / Digestion Issue
1,37.2,34,20,-0.8,29,Constipated,Moderate,Mild,Moist,Pale,Normal,Indigestion,Colic / Digestion Issue
10,38.2,56,21,-1.2,42,Normal,Low (Lethargic),None,Moist,Dry/Tacky,Stiff,Infection,Bacterial/Viral Infection
46,36.2,34,5,0.3,89,Normal,High,None,Moist,Pink,Normal,Healthy,No_Diagnosis
54,36.6,29,8,-1.4,85,Normal,Moderate,Mild,Moist,Pink,Stiff,Arthritis,Joint Inflammation
48,35.7,37,14,0.1,85,Normal,Low (Lethargic),Mild,Moist,Pink,Stiff,Arthritis,Joint Inflammation
40,36.9,28,8,-1.0,90,Normal,Low (Lethargic),Mild,Moist,Pink,Stiff,Arthritis,Joint Inflammation
24,35.9,35,6,0.1,93,Normal,High,None,Moist,Pink,Normal,Healthy,No_Diagnosis
35,37.8,49,16,-4.6,63,Constipated,Low (Lethargic),None,Dry,Dry/Tacky,Normal,Dehydration,Severe Dehydration
44,36.1,35,5,-0.3,88,Normal,High,None,Moist,Pink,Normal,Healthy,No_Diagnosis
10,38.0,56,19,-1.3,32,Loose,Low (Lethargic),Mild,Moist,Pink,Normal,Infection,Bacterial/Viral Infection
57,40.5,52,24,-2.2,41,Loose,Low (Lethargic),None,Dry,Dry/Tacky,Normal,Infection,Bacterial/Viral Infection
40,36.7,25,8,-0.4,87,Normal,High,None,Moist,Pink,Normal,Healthy,No_Diagnosis
12,36.7,26,7,0.4,86,Normal,Moderate,None,Moist,Pink,Normal,Healthy,No_Diagnosis
7,36.2,33,10,-0.2,86,Normal,High,None,Moist,Pink,Normal,Healthy,No_Diagnosis
58,36.3,33,12,-0.5,90,Normal,Moderate,None,Moist,Pink,Normal,Healthy,No_Diagnosis
19,38.0,43,16,-2.7,55,Normal,Low (Lethargic),Mild,Moist,Pale,Stiff,Infection,Bacterial/Viral Infection
21,36.8,46,14,-3.3,56,Constipated,Low (Lethargic),None,Dry,Dry/Tacky,Stiff,Dehydration,Severe Dehydration
39,38.2,42,14,-3.2,49,Normal,Low (Lethargic),None,Dry,Dry/Tacky,Normal,Dehydration,Severe Dehydration
21,36.3,29,9,0.7,98,Normal,Moderate,None,Moist,Pink,Normal,Healthy,No_Diagnosis
13,36.3,29,7,0.1,88,Normal,High,None,Moist,Pink,Normal,Healthy,No_Diagnosis
56,37.5,31,16,-2.7,32,Loose,Low (Lethargic),None,Dry,Pale,Normal,Indigestion,Colic / Digestion Issue
45,37.4,36,13,-2.0,27,Constipated,Low (Lethargic),None,Moist,Pale,Normal,Indigestion,Colic / Digestion Issue
40,36.3,33,12,-0.7,85,Normal,Low (Lethargic),Mild,Moist,Pink,Stiff,Arthritis,Joint Inflammation
7,35.9,25,7,0.6,91,Normal,Moderate,None,Moist,Pink,Normal,Healthy,No_Diagnosis
37,37.2,51,18,-3.6,58,Normal,Low (Lethargic),None,Dry,Dry/Tacky,Stiff,Dehydration,Severe Dehydration
51,36.3,32,9,0.4,88,Normal,High,None,Moist,Pink,Normal,Healthy,No_Diagnosis
57,35.5,38,12,-0.2,90,Normal,Moderate,Severe,Moist,Pink,Stiff,Arthritis,Joint Inflammation
20,36.1,29,8,0.8,89,Normal,Moderate,None,Moist,Pink,Normal,Healthy,No_Diagnosis
43,35.6,32,8,-1.8,71,Normal,Low (Lethargic),Mild,Moist,Pink,Lameness,Arthritis,Joint Inflammation
22,36.1,41,15,-2.7,46,Constipated,Low (Lethargic),Mild,Dry,Pink,Normal,Indigestion,Colic / Digestion Issue
37,36.3,30,5,0.4,100,Normal,Moderate,None,Moist,Pink,Normal,Healthy,No_Diagnosis
11,36.1,25,6,-0.8,86,Normal,High,None,Moist,Pink,Normal,Healthy,No_Diagnosis
55,36.7,26,6,-0.3,87,Normal,Moderate,None,Moist,Pink,Normal,Healthy,No_Diagnosis
11,37.9,53,20,-3.1,43,Normal,Low (Lethargic),None,Dry,Dry/Tacky,Normal,Dehydration,Severe Dehydration
11,36.9,37,19,-1.4,44,Loose,Low (Lethargic),None,Moist,Pale,Normal,Indigestion,Colic / Digestion Issue
56,36.3,33,11,0.0,90,Normal,Moderate,None,Moist,Pink,Normal,Healthy,No_Diagnosis
45,37.0,56,17,-4.4,43,Constipated,Low (Lethargic),None,Dry,Dry/Tacky,Stiff,Dehydration,Severe Dehydration
33,36.7,45,19,-2.0,21,Loose,Low (Lethargic),None,Dry,Pink,Normal,Indigestion,Colic / Digestion Issue
14,36.5,28,5,-0.3,88,Normal,High,None,Moist,Pink,Normal,Healthy,No_Diagnosis
55,36.6,37,12,-0.8,77,Normal,Low (Lethargic),Mild,Moist,Pink,Stiff,Arthritis,Joint Inflammation
44,37.0,37,10,-0.4,94,Normal,Moderate,Severe,Moist,Pink,Lameness,Arthritis,Joint Inflammation
58,35.8,29,11,-0.7,84,Normal,Moderate,Severe,Moist,Pink,Lameness,Arthritis,Joint Inflammation
43,40.4,36,22,-2.2,51,Loose,Low (Lethargic),None,Dry,Dry/Tacky,Stiff,Infection,Bacterial/Viral Infection
57,35.9,25,12,0.4,89,Normal,Moderate,None,Moist,Pink,Normal,Healthy,No_Diagnosis
50,39.0,51,17,-1.4,46,Normal,Low (Lethargic),Mild,Moist,Dry/Tacky,Normal,Infection,Bacterial/Viral Infection
58,36.8,50,16,-4.5,46,Constipated,Low (Lethargic),None,Dry,Dry/Tacky,Normal,Dehydration,Severe Dehydration
42,36.8,33,12,0.8,97,Normal,High,None,Moist,Pink,Normal,Healthy,No_Diagnosis
19,36.4,27,10,1.0,99,Normal,High,None,Moist,Pink,Normal,Healthy,No_Diagnosis
51,36.8,34,5,-0.4,90,Normal,Moderate,None,Moist,Pink,Normal,Healthy,No_Diagnosis
58,36.4,34,8,-0.9,86,Normal,Moderate,None,Moist,Pink,Normal,Healthy,No_Diagnosis
33,36.0,27,5,0.7,100,Normal,High,None,Moist,Pink,Normal,Healthy,No_Diagnosis
32,36.6,35,7,-0.1,95,Normal,Moderate,None,Moist,Pink,Normal,Healthy,No_Diagnosis
26,37.5,46,17,-2.7,29,Constipated,Low (Lethargic),None,Moist,Pale,Normal,Indigestion,Colic / Digestion Issue
48,38.0,57,14,-4.4,44,Constipated,Low (Lethargic),None,Dry,Dry/Tacky,Stiff,Dehydration,Severe Dehydration
50,36.0,25,11,0.6,86,Normal,High,None,Moist,Pink,Normal,Healthy,No_Diagnosis
54,36.6,28,10,0.7,88,Normal,Moderate,None,Moist,Pink,Normal,Healthy,No_Diagnosis
31,36.7,27,9,0.1,90,Normal,Moderate,None,Moist,Pink,Normal,Healthy,No_Diagnosis
28,39.6,52,19,-1.8,49,Loose,Low (Lethargic),Mild,Dry,Pale,Stiff,Infection,Bacterial/Viral Infection
52,36.2,43,14,-0.8,42,Loose,Low (Lethargic),Mild,Moist,Pink,Normal,Indigestion,Colic / Digestion Issue
4,36.0,35,17,-1.7,25,Loose,Low (Lethargic),Mild,Dry,Pink,Normal,Indigestion,Colic / Digestion Issue
40,36.0,35,7,0.6,90,Normal,High,None,Moist,Pink,Normal,Healthy,No_Diagnosis
47,36.6,27,6,-0.8,98,Normal,Moderate,None,Moist,Pink,Normal,Healthy,No_Diagnosis
49,38.8,58,28,-1.4,59,Normal,Low (Lethargic),Mild,Moist,Pale,Normal,Infection,Bacterial/Viral Infection
39,36.3,27,12,1.0,94,Normal,High,None,Moist,Pink,Normal,Healthy,No_Diagnosis
28,36.2,27,11,0.2,85,Normal,High,None,Moist,Pink,Normal,Healthy,No_Diagnosis
5,36.6,35,12,0.4,85,Normal,Moderate,None,Moist,Pink,Normal,Healthy,No_Diagnosis
9,39.1,37,28,-2.7,37,Normal,Low (Lethargic),None,Dry,Pale,Stiff,Infection,Bacterial/Viral Infection
28,35.9,31,12,-2.3,23,Constipated,Moderate,Mild,Dry,Pale,Normal,Indigestion,Colic / Digestion Issue
52,36.5,34,7,-0.1,95,Normal,Moderate,None,Moist,Pink,Normal,Healthy,No_Diagnosis
47,36.0,31,12,-0.6,90,Normal,Moderate,None,Moist,Pink,Normal,Healthy,No_Diagnosis
57,36.3,26,8,-0.7,79,Normal,Low (Lethargic),Mild,Moist,Pink,Stiff,Arthritis,Joint Inflammation
19,36.7,35,9,0.5,93,Normal,High,None,Moist,Pink,Normal,Healthy,No_Diagnosis
26,36.5,35,9,0.2,86,Normal,Moderate,None,Moist,Pink,Normal,Healthy,No_Diagnosis
44,36.5,31,12,0.9,98,Normal,High,None,Moist,Pink,Normal,Healthy,No_Diagnosis
10,37.2,49,9,-1.9,39,Constipated,High,None,Dry,Pink,Normal,Indigestion,Colic / Digestion Issue
2,36.2,35,8,0.4,95,Normal,High,None,Moist,Pink,Normal,Healthy,No_Diagnosis
40,36.3,33,7,-1.0,86,Normal,High,None,Moist,Pink,Normal,Healthy,No_Diagnosis
50,36.6,33,8,-0.2,90,Normal,High,None,Moist,Pink,Normal,Healthy,No_Diagnosis
26,36.3,33,11,0.7,87,Normal,High,None,Moist,Pink,Normal,Healthy,No_Diagnosis
12,36.0,35,11,0.1,97,Normal,Moderate,None,Moist,Pink,Normal,Healthy,No_Diagnosis
47,36.0,35,12,0.4,94,Normal,High,None,Moist,Pink,Normal,Healthy,No_Diagnosis
39,36.5,32,14,-1.6,31,Constipated,Moderate,Mild,Dry,Pale,Normal,Indigestion,Colic / Digestion Issue
41,36.2,27,8,-0.0,89,Normal,High,None,Moist,Pink,Normal,Healthy,No_Diagnosis
5,35.8,37,13,-0.7,26,Constipated,Low (Lethargic),Mild,Dry,Pink,Normal,Indigestion,Colic / Digestion Issue
46,35.8,35,8,0.5,88,Normal,High,None,Moist,Pink,Normal,Healthy,No_Diagnosis
51,37.5,54,24,-4.7,42,Normal,Low (Lethargic),None,Dry,Dry/Tacky,Stiff,Dehydration,Severe Dehydration
20,36.3,34,8,-0.2,97,Normal,High,None,Moist,Pink,Normal,Healthy,No_Diagnosis
6,39.9,54,30,-2.5,41,Normal,Low (Lethargic),None,Moist,Pale,Stiff,Infection,Bacterial/Viral Infection
12,36.1,25,9,-0.3,98,Normal,High,None,Moist,Pink,Normal,Healthy,No_Diagnosis
40,36.0,26,5,-0.9,95,Normal,Moderate,None,Moist,Pink,Normal,Healthy,No_Diagnosis
22,37.0,49,14,-3.2,46,Normal,Low (Lethargic),None,Dry,Dry/Tacky,Stiff,Dehydration,Severe Dehydration
34,36.1,31,8,0.0,87,Normal,Moderate,None,Moist,Pink,Normal,Healthy,No_Diagnosis
10,38.0,47,16,-3.6,49,Normal,Low (Lethargic),None,Dry,Dry/Tacky,Stiff,Dehydration,Severe Dehydration
48,36.1,32,6,0.8,91,Normal,Moderate,None,Moist,Pink,Normal,Healthy,No_Diagnosis
41,35.6,27,7,-1.8,91,Normal,Low (Lethargic),Severe,Moist,Pink,Stiff,Arthritis,Joint Inflammation
55,36.8,45,15,-0.5,44,Loose,Moderate,None,Dry,Pink,Normal,Indigestion,Colic / Digestion Issue
40,36.7,31,8,-0.2,95,Normal,Moderate,None,Moist,Pink,Normal,Healthy,No_Diagnosis
16,36.2,32,6,0.7,89,Normal,Moderate,None,Moist,Pink,Normal,Healthy,No_Diagnosis
9,37.4,41,12,-0.1,45,Loose,Low (Lethargic),None,Dry,Pink,Normal,Indigestion,Colic / Digestion Issue
22,36.2,28,12,0.1,88,Normal,High,None,Moist,Pink,Normal,Healthy,No_Diagnosis
55,36.5,34,11,0.1,95,Normal,High,None,Moist,Pink,Normal,Healthy,No_Diagnosis
47,36.1,25,9,0.3,91,Normal,High,None,Moist,Pink,Normal,Healthy,No_Diagnosis
11,36.2,33,12,-0.5,92,Normal,High,None,Moist,Pink,Normal,Healthy,No_Diagnosis
19,38.9,38,29,-1.1,46,Normal,Low (Lethargic),Mild,Moist,Pink,Stiff,Infection,Bacterial/Viral Infection
49,37.4,44,9,-0.2,37,Loose,Moderate,Mild,Moist,Pink,Normal,Indigestion,Colic / Digestion Issue
58,36.1,35,6,-0.4,86,Normal,Moderate,None,Moist,Pink,Normal,Healthy,No_Diagnosis
29,36.6,26,11,-0.3,86,Normal,Moderate,None,Moist,Pink,Normal,Healthy,No_Diagnosis
48,36.4,40,7,-0.3,88,Normal,Low (Lethargic),Severe,Moist,Pink,Lameness,Arthritis,Joint Inflammation
27,35.6,37,20,-2.3,19,Constipated,High,Mild,Moist,Pink,Normal,Indigestion,Colic / Digestion Issue
15,36.2,25,9,0.6,85,Normal,High,None,Moist,Pink,Normal,Healthy,No_Diagnosis
10,36.1,26,6,0.2,91,Normal,High,None,Moist,Pink,Normal,Healthy,No_Diagnosis
42,36.8,32,6,-0.4,90,Normal,High,None,Moist,Pink,Normal,Healthy,No_Diagnosis
8,36.2,35,7,-0.4,94,Normal,High,None,Moist,Pink,Normal,Healthy,No_Diagnosis
55,36.0,33,10,-1.0,81,Normal,Low (Lethargic),Mild,Moist,Pink,Lameness,Arthritis,Joint Inflammation
8,36.2,35,5,-0.5,85,Normal,High,None,Moist,Pink,Normal,Healthy,No_Diagnosis
19,36.6,27,10,0.3,90,Normal,Moderate,None,Moist,Pink,Normal,Healthy,No_Diagnosis
41,38.2,53,13,-3.3,51,Normal,Low (Lethargic),None,Dry,Dry/Tacky,Stiff,Dehydration,Severe Dehydration
40,36.4,33,11,0.6,85,Normal,Moderate,None,Moist,Pink,Normal,Healthy,No_Diagnosis
59,36.7,30,14,0.2,86,Normal,Low (Lethargic),Mild,Moist,Pink,Stiff,Arthritis,Joint Inflammation
2,35.9,44,8,-0.4,19,Loose,High,Mild,Dry,Pink,Normal,Indigestion,Colic / Digestion Issue
39,36.7,28,7,0.9,98,Normal,High,None,Moist,Pink,Normal,Healthy,No_Diagnosis
53,36.6,25,6,0.4,92,Normal,High,None,Moist,Pink,Normal,Healthy,No_Diagnosis
16,36.7,31,6,0.7,97,Normal,Moderate,None,Moist,Pink,Normal,Healthy,No_Diagnosis
19,36.3,32,8,-0.3,88,Normal,Moderate,None,Moist,Pink,Normal,Healthy,No_Diagnosis
3,36.0,37,12,-2.7,38,Loose,High,Mild,Dry,Pink,Normal,Indigestion,Colic / Digestion Issue
5,36.5,30,5,0.2,85,Normal,High,None,Moist,Pink,Normal,Healthy,No_Diagnosis
16,36.6,27,7,0.4,100,Normal,High,None,Moist,Pink,Normal,Healthy,No_Diagnosis
48,36.3,28,12,0.1,91,Normal,Moderate,None,Moist,Pink,Normal,Healthy,No_Diagnosis
57,39.8,60,22,-2.4,39,Loose,Low (Lethargic),None,Moist,Pale,Stiff,Infection,Bacterial/Viral Infection
58,36.0,31,7,-0.6,94,Normal,High,None,Moist,Pink,Normal,Healthy,No_Diagnosis
52,39.9,53,21,-1.2,33,Normal,Low (Lethargic),None,Dry,Dry/Tacky,Stiff,Infection,Bacterial/Viral Infection
22,38.8,59,25,-2.6,30,Loose,Low (Lethargic),Mild,Moist,Pink,Normal,Infection,Bacterial/Viral Infection
58,36.4,26,5,0.5,100,Normal,Moderate,None,Moist,Pink,Normal,Healthy,No_Diagnosis
31,36.8,30,9,-0.4,99,Normal,High,None,Moist,Pink,Normal,Healthy,No_Diagnosis
52,37.1,30,12,-2.7,46,Constipated,High,Mild,Moist,Pink,Normal,Indigestion,Colic / Digestion Issue
59,36.7,26,14,-1.9,85,Normal,Moderate,Severe,Moist,Pink,Lameness,Arthritis,Joint Inflammation
22,38.7,59,23,-2.8,44,Loose,Low (Lethargic),Mild,Dry,Pale,Stiff,Infection,Bacterial/Viral Infection
11,36.5,38,8,-1.0,18,Constipated,Moderate,None,Dry,Pink,Normal,Indigestion,Colic / Digestion Issue
59,36.7,31,12,-0.7,98,Normal,Moderate,None,Moist,Pink,Normal,Healthy,No_Diagnosis
13,36.7,32,7,0.3,97,Normal,Moderate,None,Moist,Pink,Normal,Healthy,No_Diagnosis
57,39.4,40,15,-1.3,41,Loose,Low (Lethargic),None,Moist,Dry/Tacky,Normal,Infection,Bacterial/Viral Infection
57,35.7,29,9,-0.4,70,Normal,Moderate,Severe,Moist,Pink,Lameness,Arthritis,Joint Inflammation
29,36.3,32,8,0.9,93,Normal,High,None,Moist,Pink,Normal,Healthy,No_Diagnosis
17,38.3,49,17,-4.7,46,Constipated,Low (Lethargic),None,Dry,Dry/Tacky,Normal,Dehydration,Severe Dehydration
3,38.4,46,14,-4.3,46,Constipated,Low (Lethargic),None,Dry,Dry/Tacky,Normal,Dehydration,Severe Dehydration
54,38.2,54,14,-4.3,58,Constipated,Low (Lethargic),None,Dry,Dry/Tacky,Stiff,Dehydration,Severe Dehydration
10,36.3,30,19,-1.1,39,Loose,Moderate,None,Dry,Pale,Normal,Indigestion,Colic / Digestion Issue
4,36.2,30,9,-1.0,95,Normal,High,None,Moist,Pink,Normal,Healthy,No_Diagnosis
53,39.7,47,16,-1.4,57,Loose,Low (Lethargic),None,Dry,Pale,Stiff,Infection,Bacterial/Viral Infection
14,35.5,31,12,-1.0,13,Constipated,Low (Lethargic),None,Dry,Pale,Normal,Indigestion,Colic / Digestion Issue
60,35.6,38,13,0.4,94,Normal,Moderate,Severe,Moist,Pink,Stiff,Arthritis,Joint Inflammation
46,36.8,30,8,-0.5,85,Normal,Moderate,None,Moist,Pink,Normal,Healthy,No_Diagnosis
56,38.3,40,24,-4.7,63,Constipated,Low (Lethargic),None,Dry,Dry/Tacky,Stiff,Dehydration,Severe Dehydration
35,39.6,45,27,-1.3,47,Loose,Low (Lethargic),Mild,Moist,Dry/Tacky,Stiff,Infection,Bacterial/Viral Infection
53,36.4,33,10,-0.9,100,Normal,Moderate,None,Moist,Pink,Normal,Healthy,No_Diagnosis
55,36.5,28,7,0.9,96,Normal,High,None,Moist,Pink,Normal,Healthy,No_Diagnosis
47,35.8,30,6,0.4,90,Normal,Moderate,None,Moist,Pink,Normal,Healthy,No_Diagnosis
36,36.5,33,10,-0.9,86,Normal,Moderate,None,Moist,Pink,Normal,Healthy,No_Diagnosis
52,37.4,42,13,-4.3,65,Constipated,Low (Lethargic),None,Dry,Dry/Tacky,Normal,Dehydration,Severe Dehydration
49,40.2,43,28,-1.1,54,Normal,Low (Lethargic),Mild,Moist,Pink,Normal,Infection,Bacterial/Viral Infection
29,35.8,50,20,-0.2,41,Loose,High,None,Moist,Pink,Normal,Indigestion,Colic / Digestion Issue
48,36.1,37,11,0.4,74,Normal,Low (Lethargic),Mild,Moist,Pink,Lameness,Arthritis,Joint Inflammation
5,36.3,30,8,0.6,85,Normal,Moderate,None,Moist,Pink,Normal,Healthy,No_Diagnosis
48,36.3,26,9,-0.1,98,Normal,Moderate,None,Moist,Pink,Normal,Healthy,No_Diagnosis
50,36.1,28,7,0.8,97,Normal,High,None,Moist,Pink,Normal,Healthy,No_Diagnosis
55,36.4,29,8,-0.6,85,Normal,High,None,Moist,Pink,Normal,Healthy,No_Diagnosis
15,38.1,45,20,-2.8,48,Constipated,Low (Lethargic),None,Dry,Dry/Tacky,Normal,Dehydration,Severe Dehydration
45,38.1,38,29,-2.7,60,Normal,Low (Lethargic),None,Moist,Dry/Tacky,Normal,Infection,Bacterial/Viral Infection
3,40.3,41,18,-2.3,34,Normal,Low (Lethargic),Mild,Dry,Pink,Normal,Infection,Bacterial/Viral Infection
45,35.9,30,11,-0.6,87,Normal,High,None,Moist,Pink,Normal,Healthy,No_Diagnosis
1,38.3,58,25,-2.2,48,Normal,Low (Lethargic),Mild,Moist,Pale,Normal,Infection,Bacterial/Viral Infection
45,36.4,25,8,-0.2,90,Normal,Low (Lethargic),Mild,Moist,Pink,Stiff,Arthritis,Joint Inflammation
40,38.9,52,22,-1.2,45,Loose,Low (Lethargic),None,Moist,Pink,Normal,Infection,Bacterial/Viral Infection
18,38.4,41,22,-2.5,63,Normal,Low (Lethargic),None,Dry,Dry/Tacky,Stiff,Dehydration,Severe Dehydration
49,36.7,30,7,-1.8,91,Normal,Low (Lethargic),Mild,Moist,Pink,Lameness,Arthritis,Joint Inflammation
7,37.4,43,12,-2.5,69,Constipated,Low (Lethargic),None,Dry,Dry/Tacky,Normal,Dehydration,Severe Dehydration
55,36.5,32,6,0.4,87,Normal,Moderate,None,Moist,Pink,Normal,Healthy,No_Diagnosis
56,35.9,30,7,-0.2,94,Normal,Moderate,None,Moist,Pink,Normal,Healthy,No_Diagnosis
4,36.6,26,9,-0.4,100,Normal,Moderate,None,Moist,Pink,Normal,Healthy,No_Diagnosis
21,37.4,43,11,-1.0,10,Constipated,Moderate,None,Moist,Pink,Normal,Indigestion,Colic / Digestion Issue
4,36.3,30,11,-0.8,99,Normal,Moderate,None,Moist,Pink,Normal,Healthy,No_Diagnosis
60,36.4,31,6,-0.0,88,Normal,Low (Lethargic),Mild,Moist,Pink,Stiff,Arthritis,Joint Inflammation
21,36.2,35,8,-0.9,96,Normal,High,None,Moist,Pink,Normal,Healthy,No_Diagnosis
40,36.4,25,11,-0.2,99,Normal,Moderate,None,Moist,Pink,Normal,Healthy,No_Diagnosis
48,36.4,26,9,0.5,91,Normal,Moderate,None,Moist,Pink,Normal,Healthy,No_Diagnosis
13,35.6,35,14,-1.0,33,Constipated,High,None,Dry,Pink,Normal,Indigestion,Colic / Digestion Issue
54,36.3,27,6,-0.5,82,Normal,Low (Lethargic),Mild,Moist,Pink,Lameness,Arthritis,Joint Inflammation
25,36.3,34,12,1.0,95,Normal,High,None,Moist,Pink,Normal,Healthy,No_Diagnosis
33,36.1,33,10,-0.1,85,Normal,Moderate,None,Moist,Pink,Normal,Healthy,No_Diagnosis
43,35.7,43,16,-1.0,50,Constipated,Moderate,Mild,Dry,Pale,Normal,Indigestion,Colic / Digestion Issue
50,36.5,29,9,-0.2,95,Normal,High,None,Moist,Pink,Normal,Healthy,No_Diagnosis
40,36.4,28,8,0.1,88,Normal,Moderate,None,Moist,Pink,Normal,Healthy,No_Diagnosis
44,35.6,48,18,-0.2,21,Loose,Moderate,Mild,Moist,Pink,Normal,Indigestion,Colic / Digestion Issue
38,37.3,50,18,-2.1,43,Constipated,Moderate,Mild,Dry,Pink,Normal,Indigestion,Colic / Digestion Issue
52,36.0,28,14,0.5,93,Normal,Moderate,Severe,Moist,Pink,Lameness,Arthritis,Joint Inflammation
49,35.9,26,6,-0.4,91,Normal,High,None,Moist,Pink,Normal,Healthy,No_Diagnosis
44,37.6,57,17,-4.2,41,Normal,Low (Lethargic),None,Dry,Dry/Tacky,Normal,Dehydration,Severe Dehydration
50,36.1,33,12,-0.7,92,Normal,High,None,Moist,Pink,Normal,Healthy,No_Diagnosis
21,36.2,33,10,0.6,99,Normal,Moderate,None,Moist,Pink,Normal,Healthy,No_Diagnosis
43,36.3,25,10,-0.9,87,Normal,Moderate,None,Moist,Pink,Normal,Healthy,No_Diagnosis
4,36.0,28,7,0.9,86,Normal,High,None,Moist,Pink,Normal,Healthy,No_Diagnosis
46,38.3,53,15,-3.6,66,Constipated,Low (Lethargic),None,Dry,Dry/Tacky,Stiff,Dehydration,Severe Dehydration
11,37.9,47,13,-2.7,48,Constipated,Low (Lethargic),None,Dry,Dry/Tacky,Normal,Dehydration,Severe Dehydration
41,36.5,44,13,-4.4,41,Normal,Low (Lethargic),None,Dry,Dry/Tacky,Stiff,Dehydration,Severe Dehydration
35,36.4,32,7,-0.4,93,Normal,Moderate,None,Moist,Pink,Normal,Healthy,No_Diagnosis
14,36.4,25,10,-1.0,86,Normal,Moderate,None,Moist,Pink,Normal,Healthy,No_Diagnosis
2,36.7,46,19,-1.1,50,Loose,High,Mild,Dry,Pink,Normal,Indigestion,Colic / Digestion Issue
4,36.7,31,5,-0.4,95,Normal,Moderate,None,Moist,Pink,Normal,Healthy,No_Diagnosis
16,36.0,26,5,1.0,90,Normal,Moderate,None,Moist,Pink,Normal,Healthy,No_Diagnosis
49,38.3,36,25,-1.9,59,Normal,Low (Lethargic),None,Dry,Pink,Normal,Infection,Bacterial/Viral Infection
40,37.5,40,13,-0.4,40,Loose,Moderate,None,Moist,Pale,Normal,Indigestion,Colic / Digestion Issue
51,36.1,33,7,0.7,96,Normal,Moderate,None,Moist,Pink,Normal,Healthy,No_Diagnosis
3,36.7,31,11,-0.1,100,Normal,Moderate,None,Moist,Pink,Normal,Healthy,No_Diagnosis
38,37.7,60,24,-4.0,51,Normal,Low (Lethargic),None,Dry,Dry/Tacky,Normal,Dehydration,Severe Dehydration
15,36.6,29,7,0.4,90,Normal,Moderate,None,Moist,Pink,Normal,Healthy,No_Diagnosis
27,40.4,53,16,-2.2,47,Loose,Low (Lethargic),Mild,Moist,Pale,Normal,Infection,Bacterial/Viral Infection
50,37.2,31,12,-1.6,34,Loose,Moderate,Mild,Dry,Pink,Normal,Indigestion,Colic / Digestion Issue
36,36.3,29,11,0.2,87,Normal,High,None,Moist,Pink,Normal,Healthy,No_Diagnosis
2,36.6,27,11,0.5,93,Normal,High,None,Moist,Pink,Normal,Healthy,No_Diagnosis
60,36.9,35,18,-1.8,40,Loose,High,None,Moist,Pink,Normal,Indigestion,Colic / Digestion Issue
12,36.6,29,5,0.8,93,Normal,Moderate,None,Moist,Pink,Normal,Healthy,No_Diagnosis
56,36.3,29,7,0.1,72,Normal,Moderate,Mild,Moist,Pink,Lameness,Arthritis,Joint Inflammation
38,36.4,30,12,-0.9,90,Normal,Moderate,None,Moist,Pink,Normal,Healthy,No_Diagnosis
52,36.0,34,7,-0.8,88,Normal,High,None,Moist,Pink,Normal,Healthy,No_Diagnosis
4,36.6,30,5,-0.7,95,Normal,High,None,Moist,Pink,Normal,Healthy,No_Diagnosis
47,36.2,33,9,0.7,89,Normal,Moderate,None,Moist,Pink,Normal,Healthy,No_Diagnosis
18,36.7,29,5,0.2,87,Normal,Moderate,None,Moist,Pink,Normal,Healthy,No_Diagnosis
51,36.1,32,10,-0.5,97,Normal,Moderate,None,Moist,Pink,Normal,Healthy,No_Diagnosis
58,38.8,47,16,-2.4,45,Loose,Low (Lethargic),None,Dry,Pale,Stiff,Infection,Bacterial/Viral Infection
13,36.6,32,5,-0.6,96,Normal,High,None,Moist,Pink,Normal,Healthy,No_Diagnosis
21,35.8,32,9,0.2,97,Normal,High,None,Moist,Pink,Normal,Healthy,No_Diagnosis
17,36.1,33,12,0.8,85,Normal,High,None,Moist,Pink,Normal,Healthy,No_Diagnosis
40,35.9,37,17,-1.1,33,Constipated,Moderate,None,Dry,Pink,Normal,Indigestion,Colic / Digestion Issue
23,36.2,29,9,0.4,98,Normal,High,None,Moist,Pink,Normal,Healthy,No_Diagnosis
28,35.7,31,20,-1.5,17,Constipated,Low (Lethargic),None,Dry,Pink,Normal,Indigestion,Colic / Digestion Issue
59,36.8,27,7,0.1,92,Normal,Moderate,None,Moist,Pink,Normal,Healthy,No_Diagnosis
57,38.5,39,29,-2.9,44,Normal,Low (Lethargic),Mild,Moist,Pink,Normal,Infection,Bacterial/Viral Infection
27,39.8,53,28,-2.0,42,Normal,Low (Lethargic),None,Dry,Dry/Tacky,Normal,Infection,Bacterial/Viral Infection
38,36.6,56,18,-2.5,63,Constipated,Low (Lethargic),None,Dry,Dry/Tacky,Stiff,Dehydration,Severe Dehydration
20,36.4,29,11,0.9,86,Normal,High,None,Moist,Pink,Normal,Healthy,No_Diagnosis
33,39.2,46,21,-2.4,60,Normal,Low (Lethargic),None,Moist,Dry/Tacky,Stiff,Infection,Bacterial/Viral Infection
41,36.5,51,16,-2.1,65,Normal,Low (Lethargic),None,Dry,Dry/Tacky,Stiff,Dehydration,Severe Dehydration
27,37.9,49,14,-3.6,69,Normal,Low (Lethargic),None,Dry,Dry/Tacky,Normal,Dehydration,Severe Dehydration
35,36.8,33,8,0.3,86,Normal,High,None,Moist,Pink,Normal,Healthy,No_Diagnosis
23,36.8,56,14,-3.9,44,Normal,Low (Lethargic),None,Dry,Dry/Tacky,Stiff,Dehydration,Severe Dehydration
8,36.0,32,6,0.7,89,Normal,Moderate,None,Moist,Pink,Normal,Healthy,No_Diagnosis
3,37.4,46,14,-2.7,43,Normal,Low (Lethargic),None,Dry,Dry/Tacky,Stiff,Dehydration,Severe Dehydration
37,39.2,46,23,-1.3,44,Normal,Low (Lethargic),None,Moist,Pink,Normal,Infection,Bacterial/Viral Infection
44,36.4,34,5,-0.6,96,Normal,Moderate,None,Moist,Pink,Normal,Healthy,No_Diagnosis
60,36.7,27,12,-0.7,85,Normal,Moderate,None,Moist,Pink,Normal,Healthy,No_Diagnosis
34,36.6,30,9,-0.6,90,Normal,Moderate,None,Moist,Pink,Normal,Healthy,No_Diagnosis
42,38.4,50,26,-2.0,55,Loose,Low (Lethargic),Mild,Dry,Pink,Normal,Infection,Bacterial/Viral Infection
49,36.9,26,10,-0.1,89,Normal,Low (Lethargic),Severe,Moist,Pink,Lameness,Arthritis,Joint Inflammation
53,35.5,32,10,0.4,94,Normal,Moderate,Mild,Moist,Pink,Stiff,Arthritis,Joint Inflammation
11,36.3,32,11,-0.8,98,Normal,Moderate,None,Moist,Pink,Normal,Healthy,No_Diagnosis
3,39.4,47,21,-2.6,54,Normal,Low (Lethargic),Mild,Moist,Dry/Tacky,Stiff,Infection,Bacterial/Viral Infection
9,36.5,33,6,-0.8,94,Normal,Moderate,None,Moist,Pink,Normal,Healthy,No_Diagnosis
26,38.3,44,16,-3.1,54,Constipated,Low (Lethargic),None,Dry,Dry/Tacky,Normal,Dehydration,Severe Dehydration
10,40.0,57,26,-2.8,37,Loose,Low (Lethargic),Mild,Moist,Pale,Normal,Infection,Bacterial/Viral Infection
48,35.5,26,6,-1.0,87,Normal,Low (Lethargic),Mild,Moist,Pink,Lameness,Arthritis,Joint Inflammation
32,37.9,58,12,-2.3,43,Constipated,Low (Lethargic),None,Dry,Dry/Tacky,Normal,Dehydration,Severe Dehydration
4,36.1,31,7,0.6,93,Normal,Moderate,None,Moist,Pink,Normal,Healthy,No_Diagnosis
17,36.2,33,7,1.0,86,Normal,Moderate,None,Moist,Pink,Normal,Healthy,No_Diagnosis
31,35.9,49,14,-0.2,38,Loose,Moderate,None,Dry,Pink,Normal,Indigestion,Colic / Digestion Issue
13,36.8,28,6,-0.4,86,Normal,Moderate,None,Moist,Pink,Normal,Healthy,No_Diagnosis
52,35.9,31,10,1.0,99,Normal,Moderate,None,Moist,Pink,Normal,Healthy,No_Diagnosis
28,37.8,60,14,-3.1,69,Normal,Low (Lethargic),None,Dry,Dry/Tacky,Normal,Dehydration,Severe Dehydration
30,38.5,35,19,-1.8,42,Normal,Low (Lethargic),Mild,Dry,Pale,Normal,Infection,Bacterial/Viral Infection
55,36.8,27,11,-0.6,98,Normal,High,None,Moist,Pink,Normal,Healthy,No_Diagnosis
60,35.9,45,10,-2.9,20,Loose,Moderate,Mild,Dry,Pink,Normal,Indigestion,Colic / Digestion Issue
55,36.3,39,12,-0.8,74,Normal,Low (Lethargic),Mild,Moist,Pink,Stiff,Arthritis,Joint Inflammation
27,35.9,26,9,0.8,95,Normal,High,None,Moist,Pink,Normal,Healthy,No_Diagnosis
13,36.2,32,8,0.7,91,Normal,High,None,Moist,Pink,Normal,Healthy,No_Diagnosis
44,36.1,33,11,-0.8,92,Normal,High,None,Moist,Pink,Normal,Healthy,No_Diagnosis
29,36.8,33,12,-0.5,100,Normal,Moderate,None,Moist,Pink,Normal,Healthy,No_Diagnosis
8,36.1,32,10,0.5,87,Normal,Moderate,None,Moist,Pink,Normal,Healthy,No_Diagnosis
50,36.2,31,9,-0.4,92,Normal,Moderate,None,Moist,Pink,Normal,Healthy,No_Diagnosis
22,38.2,56,15,-1.6,32,Loose,Low (Lethargic),None,Dry,Pale,Stiff,Infection,Bacterial/Viral Infection
40,36.3,34,5,-0.4,93,Normal,Moderate,None,Moist,Pink,Normal,Healthy,No_Diagnosis
31,36.2,28,12,0.3,100,Normal,Moderate,None,Moist,Pink,Normal,Healthy,No_Diagnosis
16,37.4,56,15,-4.9,49,Normal,Low (Lethargic),None,Dry,Dry/Tacky,Normal,Dehydration,Severe Dehydration
24,36.6,28,10,0.1,88,Normal,High,None,Moist,Pink,Normal,Healthy,No_Diagnosis
11,36.6,31,9,0.2,97,Normal,Moderate,None,Moist,Pink,Normal,Healthy,No_Diagnosis
29,35.9,25,5,0.2,87,Normal,High,None,Moist,Pink,Normal,Healthy,No_Diagnosis
51,36.2,28,12,-0.9,85,Normal,High,None,Moist,Pink,Normal,Healthy,No_Diagnosis
36,35.9,31,8,-0.0,88,Normal,Moderate,None,Moist,Pink,Normal,Healthy,No_Diagnosis
4,36.4,34,10,0.2,85,Normal,Moderate,None,Moist,Pink,Normal,Healthy,No_Diagnosis
45,36.7,35,7,0.3,98,Normal,High,None,Moist,Pink,Normal,Healthy,No_Diagnosis
42,36.2,33,8,0.7,88,Normal,Moderate,None,Moist,Pink,Normal,Healthy,No_Diagnosis
55,36.6,42,14,-0.1,47,Loose,High,Mild,Dry,Pink,Normal,Indigestion,Colic / Digestion Issue
38,36.1,28,9,-0.6,91,Normal,High,None,Moist,Pink,Normal,Healthy,No_Diagnosis
51,36.7,29,12,0.6,87,Normal,High,None,Moist,Pink,Normal,Healthy,No_Diagnosis
51,35.9,42,17,-2.4,44,Loose,High,None,Moist,Pink,Normal,Indigestion,Colic / Digestion Issue
36,36.4,34,8,-0.8,96,Normal,Moderate,None,Moist,Pink,Normal,Healthy,No_Diagnosis
44,36.3,32,5,-0.1,86,Normal,High,None,Moist,Pink,Normal,Healthy,No_Diagnosis
16,36.5,33,11,0.6,96,Normal,High,None,Moist,Pink,Normal,Healthy,No_Diagnosis
18,36.1,25,5,-0.8,85,Normal,High,None,Moist,Pink,Normal,Healthy,No_Diagnosis
6,36.3,46,14,-1.4,27,Constipated,Moderate,None,Dry,Pale,Normal,Indigestion,Colic / Digestion Issue
43,36.1,33,13,-1.5,79,Normal,Low (Lethargic),Severe,Moist,Pink,Lameness,Arthritis,Joint Inflammation
29,36.0,48,18,-0.8,48,Constipated,Low (Lethargic),Mild,Dry,Pink,Normal,Indigestion,Colic / Digestion Issue
20,35.9,30,7,-0.1,98,Normal,Moderate,None,Moist,Pink,Normal,Healthy,No_Diagnosis
39,36.3,26,7,-0.7,98,Normal,High,None,Moist,Pink,Normal,Healthy,No_Diagnosis
22,36.3,29,8,0.9,89,Normal,High,None,Moist,Pink,Normal,Healthy,No_Diagnosis
42,38.2,56,14,-4.7,46,Normal,Low (Lethargic),None,Dry,Dry/Tacky,Stiff,Dehydration,Severe Dehydration
52,39.8,46,26,-2.2,51,Normal,Low (Lethargic),None,Moist,Pale,Stiff,Infection,Bacterial/Viral Infection
53,36.0,33,14,-0.3,94,Normal,Low (Lethargic),Severe,Moist,Pink,Lameness,Arthritis,Joint Inflammation
52,38.1,49,25,-1.9,38,Normal,Low (Lethargic),None,Dry,Dry/Tacky,Stiff,Infection,Bacterial/Viral Infection
28,35.9,28,9,0.5,96,Normal,Moderate,None,Moist,Pink,Normal,Healthy,No_Diagnosis
18,38.2,41,24,-2.1,53,Constipated,Low (Lethargic),None,Dry,Dry/Tacky,Normal,Dehydration,Severe Dehydration
53,35.9,27,5,-0.6,87,Normal,High,None,Moist,Pink,Normal,Healthy,No_Diagnosis
54,36.8,33,12,-1.5,85,Normal,Moderate,Mild,Moist,Pink,Lameness,Arthritis,Joint Inflammation
30,36.1,26,12,0.4,97,Normal,Moderate,None,Moist,Pink,Normal,Healthy,No_Diagnosis
35,35.7,34,11,-0.6,43,Loose,High,None,Dry,Pink,Normal,Indigestion,Colic / Digestion Issue
38,36.6,28,11,-0.2,76,Normal,Low (Lethargic),Mild,Moist,Pink,Stiff,Arthritis,Joint Inflammation
34,37.7,54,24,-4.0,58,Normal,Low (Lethargic),None,Dry,Dry/Tacky,Stiff,Dehydration,Severe Dehydration
7,38.2,49,16,-1.5,55,Normal,Low (Lethargic),Mild,Dry,Pale,Stiff,Infection,Bacterial/Viral Infection
45,36.2,30,7,-0.9,100,Normal,Moderate,None,Moist,Pink,Normal,Healthy,No_Diagnosis
55,36.3,26,10,-0.0,75,Normal,Low (Lethargic),Severe,Moist,Pink,Lameness,Arthritis,Joint Inflammation
15,38.9,39,25,-2.8,45,Loose,Low (Lethargic),None,Moist,Dry/Tacky,Stiff,Infection,Bacterial/Viral Infection
41,36.7,25,12,0.1,94,Normal,Moderate,None,Moist,Pink,Normal,Healthy,No_Diagnosis
57,36.8,33,5,-0.5,86,Normal,Moderate,None,Moist,Pink,Normal,Healthy,No_Diagnosis
1,37.1,55,17,-2.8,49,Normal,Low (Lethargic),None,Dry,Dry/Tacky,Stiff,Dehydration,Severe Dehydration
53,36.9,32,12,-1.3,86,Normal,Moderate,Mild,Moist,Pink,Lameness,Arthritis,Joint Inflammation
17,36.2,31,9,0.6,96,Normal,High,None,Moist,Pink,Normal,Healthy,No_Diagnosis
33,36.0,27,8,-0.9,97,Normal,High,None,Moist,Pink,Normal,Healthy,No_Diagnosis
28,36.8,49,18,-2.3,58,Constipated,Low (Lethargic),None,Dry,Dry/Tacky,Stiff,Dehydration,Severe Dehydration
40,37.3,48,16,-2.4,42,Normal,Low (Lethargic),None,Dry,Dry/Tacky,Stiff,Dehydration,Severe Dehydration
49,36.3,26,13,-1.5,72,Normal,Low (Lethargic),Mild,Moist,Pink,Stiff,Arthritis,Joint Inflammation
16,35.8,47,10,-0.3,19,Constipated,Moderate,None,Dry,Pink,Normal,Indigestion,Colic / Digestion Issue
33,36.6,25,8,0.5,99,Normal,Moderate,None,Moist,Pink,Normal,Healthy,No_Diagnosis
48,36.0,37,6,0.1,78,Normal,Low (Lethargic),Severe,Moist,Pink,Lameness,Arthritis,Joint Inflammation
59,36.7,28,7,-0.0,95,Normal,High,None,Moist,Pink,Normal,Healthy,No_Diagnosis
58,36.5,27,9,-0.5,86,Normal,Moderate,None,Moist,Pink,Normal,Healthy,No_Diagnosis
49,36.4,27,7,-0.1,75,Normal,Moderate,Mild,Moist,Pink,Lameness,Arthritis,Joint Inflammation
43,36.0,31,9,0.2,85,Normal,Moderate,None,Moist,Pink,Normal,Healthy,No_Diagnosis
50,36.9,40,13,-1.9,93,Normal,Low (Lethargic),Severe,Moist,Pink,Stiff,Arthritis,Joint Inflammation
31,36.6,27,8,0.9,85,Normal,Moderate,None,Moist,Pink,Normal,Healthy,No_Diagnosis
14,36.1,27,12,-0.5,93,Normal,Moderate,None,Moist,Pink,Normal,Healthy,No_Diagnosis
54,36.7,34,12,-0.4,86,Normal,High,None,Moist,Pink,Normal,Healthy,No_Diagnosis
58,36.1,33,8,0.3,91,Normal,High,None,Moist,Pink,Normal,Healthy,No_Diagnosis
31,36.0,41,15,-2.3,48,Constipated,Moderate,Mild,Moist,Pale,Normal,Indigestion,Colic / Digestion Issue
49,36.5,40,13,-1.8,70,Normal,Moderate,Mild,Moist,Pink,Lameness,Arthritis,Joint Inflammation
6,36.2,31,11,0.2,100,Normal,High,None,Moist,Pink,Normal,Healthy,No_Diagnosis
21,40.3,52,27,-1.9,46,Normal,Low (Lethargic),Mild,Moist,Pale,Stiff,Infection,Bacterial/Viral Infection
1,35.9,30,5,0.1,92,Normal,Moderate,None,Moist,Pink,Normal,Healthy,No_Diagnosis
39,39.3,40,28,-2.8,60,Normal,Low (Lethargic),None,Moist,Pale,Normal,Infection,Bacterial/Viral Infection
5,36.3,33,6,0.5,99,Normal,Moderate,None,Moist,Pink,Normal,Healthy,No_Diagnosis
29,36.3,33,11,0.6,97,Normal,High,None,Moist,Pink,Normal,Healthy,No_Diagnosis
39,36.2,27,6,0.7,94,Normal,Moderate,None,Moist,Pink,Normal,Healthy,No_Diagnosis
37,39.3,48,29,-1.9,40,Normal,Low (Lethargic),Mild,Moist,Pink,Normal,Infection,Bacterial/Viral Infection
52,36.1,30,7,-0.8,80,Normal,Moderate,Mild,Moist,Pink,Stiff,Arthritis,Joint Inflammation
36,35.8,25,12,-0.5,97,Normal,Moderate,None,Moist,Pink,Normal,Healthy,No_Diagnosis
34,38.2,52,14,-2.9,42,Normal,Low (Lethargic),None,Dry,Dry/Tacky,Stiff,Dehydration,Severe Dehydration
44,36.0,32,10,0.4,96,Normal,Moderate,None,Moist,Pink,Normal,Healthy,No_Diagnosis
56,36.2,25,6,0.6,89,Normal,High,None,Moist,Pink,Normal,Healthy,No_Diagnosis
60,38.4,35,15,-1.7,44,Loose,Low (Lethargic),Mild,Moist,Dry/Tacky,Normal,Infection,Bacterial/Viral Infection
51,36.4,29,12,0.5,95,Normal,High,None,Moist,Pink,Normal,Healthy,No_Diagnosis
40,35.7,33,14,-1.4,71,Normal,Moderate,Severe,Moist,Pink,Lameness,Arthritis,Joint Inflammation
58,36.0,29,5,-0.1,89,Normal,Moderate,None,Moist,Pink,Normal,Healthy,No_Diagnosis
13,36.4,37,9,-3.0,17,Loose,High,None,Moist,Pale,Normal,Indigestion,Colic / Digestion Issue
36,36.7,34,7,-0.8,88,Normal,High,None,Moist,Pink,Normal,Healthy,No_Diagnosis
4,36.7,31,8,0.2,88,Normal,Moderate,None,Moist,Pink,Normal,Healthy,No_Diagnosis
6,38.0,47,13,-2.9,46,Constipated,Low (Lethargic),None,Dry,Dry/Tacky,Stiff,Dehydration,Severe Dehydration
50,36.2,38,7,-0.3,72,Normal,Low (Lethargic),Severe,Moist,Pink,Lameness,Arthritis,Joint Inflammation
22,36.3,32,8,-0.2,91,Normal,High,None,Moist,Pink,Normal,Healthy,No_Diagnosis
16,35.9,34,12,0.8,98,Normal,High,None,Moist,Pink,Normal,Healthy,No_Diagnosis
11,38.4,59,18,-2.0,52,Loose,Low (Lethargic),None,Dry,Pink,Normal,Infection,Bacterial/Viral Infection
47,36.0,26,9,-0.8,70,Normal,Low (Lethargic),Severe,Moist,Pink,Stiff,Arthritis,Joint Inflammation
59,37.0,26,11,0.1,72,Normal,Low (Lethargic),Mild,Moist,Pink,Stiff,Arthritis,Joint Inflammation
3,36.6,29,11,0.4,99,Normal,Moderate,None,Moist,Pink,Normal,Healthy,No_Diagnosis
45,38.2,58,13,-3.5,67,Constipated,Low (Lethargic),None,Dry,Dry/Tacky,Normal,Dehydration,Severe Dehydration
2,37.5,33,9,-1.4,30,Loose,Moderate,Mild,Dry,Pale,Normal,Indigestion,Colic / Digestion Issue
32,36.2,25,6,-0.6,94,Normal,High,None,Moist,Pink,Normal,Healthy,No_Diagnosis
34,36.3,28,10,-0.1,88,Normal,Moderate,None,Moist,Pink,Normal,Healthy,No_Diagnosis
54,36.0,33,7,-0.1,95,Normal,High,None,Moist,Pink,Normal,Healthy,No_Diagnosis
58,36.5,39,13,-0.3,90,Normal,Low (Lethargic),Mild,Moist,Pink,Lameness,Arthritis,Joint Inflammation
45,40.5,42,28,-2.5,34,Loose,Low (Lethargic),None,Dry,Pale,Normal,Infection,Bacterial/Viral Infection
56,36.0,36,17,-0.1,40,Loose,Low (Lethargic),Mild,Dry,Pink,Normal,Indigestion,Colic / Digestion Issue
38,36.6,28,12,-0.6,95,Normal,Moderate,None,Moist,Pink,Normal,Healthy,No_Diagnosis
28,35.9,32,12,-0.2,99,Normal,Moderate,None,Moist,Pink,Normal,Healthy,No_Diagnosis
56,36.5,34,14,0.1,90,Normal,Moderate,Severe,Moist,Pink,Lameness,Arthritis,Joint Inflammation
37,37.6,42,18,-2.3,40,Constipated,Low (Lethargic),None,Dry,Dry/Tacky,Stiff,Dehydration,Severe Dehydration
24,35.8,33,11,0.9,94,Normal,High,None,Moist,Pink,Normal,Healthy,No_Diagnosis
39,36.6,29,12,-1.0,91,Normal,Moderate,Severe,Moist,Pink,Lameness,Arthritis,Joint Inflammation
59,36.2,28,7,-0.2,89,Normal,Moderate,None,Moist,Pink,Normal,Healthy,No_Diagnosis
6,36.5,28,7,-0.8,100,Normal,Moderate,None,Moist,Pink,Normal,Healthy,No_Diagnosis
34,36.7,45,20,-2.4,69,Constipated,Low (Lethargic),None,Dry,Dry/Tacky,Normal,Dehydration,Severe Dehydration
25,36.7,35,9,-0.4,94,Normal,Moderate,None,Moist,Pink,Normal,Healthy,No_Diagnosis
14,36.3,32,11,-0.3,97,Normal,High,None,Moist,Pink,Normal,Healthy,No_Diagnosis
4,35.9,35,7,-0.2,93,Normal,High,None,Moist,Pink,Normal,Healthy,No_Diagnosis
47,35.6,33,20,-2.3,44,Constipated,Moderate,None,Moist,Pale,Normal,Indigestion,Colic / Digestion Issue
25,36.0,30,8,-0.3,99,Normal,High,None,Moist,Pink,Normal,Healthy,No_Diagnosis
13,36.1,30,10,0.4,98,Normal,High,None,Moist,Pink,Normal,Healthy,No_Diagnosis
33,38.4,56,15,-2.8,38,Loose,Low (Lethargic),None,Moist,Dry/Tacky,Stiff,Infection,Bacterial/Viral Infection
9,36.8,35,7,0.3,100,Normal,Moderate,None,Moist,Pink,Normal,Healthy,No_Diagnosis
30,36.6,30,7,0.8,85,Normal,Moderate,None,Moist,Pink,Normal,Healthy,No_Diagnosis
41,36.5,34,5,0.5,93,Normal,Moderate,None,Moist,Pink,Normal,Healthy,No_Diagnosis
45,36.7,34,6,-0.4,88,Normal,Low (Lethargic),Mild,Moist,Pink,Stiff,Arthritis,Joint Inflammation
21,36.3,35,8,-2.6,48,Loose,Low (Lethargic),Mild,Dry,Pink,Normal,Indigestion,Colic / Digestion Issue
50,37.0,30,8,-0.3,73,Normal,Low (Lethargic),Severe,Moist,Pink,Lameness,Arthritis,Joint Inflammation
33,37.1,58,18,-2.3,65,Constipated,Low (Lethargic),None,Dry,Dry/Tacky,Normal,Dehydration,Severe Dehydration
39,35.6,38,17,-0.6,22,Loose,Low (Lethargic),Mild,Dry,Pale,Normal,Indigestion,Colic / Digestion Issue
15,40.0,35,18,-1.5,43,Loose,Low (Lethargic),Mild,Moist,Pink,Stiff,Infection,Bacterial/Viral Infection
37,36.7,27,14,-0.4,95,Normal,Moderate,Mild,Moist,Pink,Stiff,Arthritis,Joint Inflammation
48,36.5,33,11,0.0,72,Normal,Low (Lethargic),Severe,Moist,Pink,Lameness,Arthritis,Joint Inflammation
60,37.5,58,14,-4.4,52,Constipated,Low (Lethargic),None,Dry,Dry/Tacky,Normal,Dehydration,Severe Dehydration
17,39.6,58,21,-1.0,54,Loose,Low (Lethargic),Mild,Dry,Pink,Normal,Infection,Bacterial/Viral Infection
39,36.3,25,8,-0.5,90,Normal,High,None,Moist,Pink,Normal,Healthy,No_Diagnosis
50,36.5,40,9,0.1,90,Normal,Moderate,Mild,Moist,Pink,Stiff,Arthritis,Joint Inflammation
38,38.4,44,20,-4.7,67,Normal,Low (Lethargic),None,Dry,Dry/Tacky,Stiff,Dehydration,Severe Dehydration
14,36.1,34,5,-0.9,88,Normal,Moderate,None,Moist,Pink,Normal,Healthy,No_Diagnosis
27,35.6,33,15,-2.2,49,Constipated,High,Mild,Moist,Pale,Normal,Indigestion,Colic / Digestion Issue
58,36.4,33,5,0.1,92,Normal,High,None,Moist,Pink,Normal,Healthy,No_Diagnosis
16,36.1,29,10,0.9,87,Normal,High,None,Moist,Pink,Normal,Healthy,No_Diagnosis
58,37.7,51,24,-4.7,67,Normal,Low (Lethargic),None,Dry,Dry/Tacky,Stiff,Dehydration,Severe Dehydration
16,36.0,26,7,-0.4,97,Normal,High,None,Moist,Pink,Normal,Healthy,No_Diagnosis
8,36.1,38,8,-2.4,36,Loose,High,Mild,Moist,Pink,Normal,Indigestion,Colic / Digestion Issue
48,36.3,27,6,0.9,98,Normal,Moderate,None,Moist,Pink,Normal,Healthy,No_Diagnosis
11,39.8,47,30,-1.8,52,Loose,Low (Lethargic),Mild,Moist,Dry/Tacky,Normal,Infection,Bacterial/Viral Infection
52,35.7,46,13,-0.7,11,Constipated,Moderate,None,Dry,Pale,Normal,Indigestion,Colic / Digestion Issue
25,36.4,34,9,-2.6,33,Loose,Moderate,None,Dry,Pink,Normal,Indigestion,Colic / Digestion Issue
36,36.1,31,7,-0.0,85,Normal,High,None,Moist,Pink,Normal,Healthy,No_Diagnosis
42,36.5,41,20,-1.6,43,Loose,Moderate,Mild,Moist,Pale,Normal,Indigestion,Colic / Digestion Issue
49,35.6,33,6,0.4,91,Normal,Moderate,Mild,Moist,Pink,Stiff,Arthritis,Joint Inflammation
15,35.9,29,8,-0.1,89,Normal,Moderate,None,Moist,Pink,Normal,Healthy,No_Diagnosis
53,36.6,30,7,-1.0,85,Normal,High,None,Moist,Pink,Normal,Healthy,No_Diagnosis
53,37.1,51,21,-3.7,42,Normal,Low (Lethargic),None,Dry,Dry/Tacky,Normal,Dehydration,Severe Dehydration
5,36.5,50,18,-0.7,49,Constipated,Moderate,Mild,Moist,Pink,Normal,Indigestion,Colic / Digestion Issue
23,36.4,26,7,0.7,94,Normal,Moderate,None,Moist,Pink,Normal,Healthy,No_Diagnosis
59,36.1,31,11,0.9,91,Normal,High,None,Moist,Pink,Normal,Healthy,No_Diagnosis
48,36.5,28,11,-0.4,89,Normal,Moderate,Mild,Moist,Pink,Stiff,Arthritis,Joint Inflammation
29,39.4,35,15,-2.1,34,Loose,Low (Lethargic),Mild,Moist,Pale,Stiff,Infection,Bacterial/Viral Infection
45,36.6,31,6,0.2,96,Normal,High,None,Moist,Pink,Normal,Healthy,No_Diagnosis
18,35.7,30,17,-1.5,29,Constipated,Low (Lethargic),None,Moist,Pale,Normal,Indigestion,Colic / Digestion Issue
46,37.8,50,15,-3.9,40,Constipated,Low (Lethargic),None,Dry,Dry/Tacky,Stiff,Dehydration,Severe Dehydration
30,36.7,33,8,-0.7,90,Normal,High,None,Moist,Pink,Normal,Healthy,No_Diagnosis
16,37.3,42,12,-3.5,52,Normal,Low (Lethargic),None,Dry,Dry/Tacky,Stiff,Dehydration,Severe Dehydration
28,36.3,29,10,0.0,88,Normal,Moderate,None,Moist,Pink,Normal,Healthy,No_Diagnosis
36,36.8,27,7,-0.4,92,Normal,Moderate,None,Moist,Pink,Normal,Healthy,No_Diagnosis
16,36.3,27,11,0.9,92,Normal,High,None,Moist,Pink,Normal,Healthy,No_Diagnosis
36,36.4,30,12,-0.1,99,Normal,High,None,Moist,Pink,Normal,Healthy,No_Diagnosis
6,36.1,25,5,-1.0,87,Normal,Moderate,None,Moist,Pink,Normal,Healthy,No_Diagnosis
44,36.2,30,9,0.1,87,Normal,Moderate,None,Moist,Pink,Normal,Healthy,No_Diagnosis
18,36.6,35,7,0.7,91,Normal,Moderate,None,Moist,Pink,Normal,Healthy,No_Diagnosis
39,36.6,27,11,-0.8,92,Normal,Moderate,None,Moist,Pink,Normal,Healthy,No_Diagnosis
51,37.3,40,14,-1.6,16,Loose,High,Mild,Moist,Pink,Normal,Indigestion,Colic / Digestion Issue
59,36.2,32,8,-0.1,90,Normal,High,None,Moist,Pink,Normal,Healthy,No_Diagnosis
30,36.5,35,9,0.5,95,Normal,Moderate,None,Moist,Pink,Normal,Healthy,No_Diagnosis
45,36.4,39,11,0.3,86,Normal,Low (Lethargic),Mild,Moist,Pink,Stiff,Arthritis,Joint Inflammation
59,36.7,30,8,-0.9,99,Normal,Moderate,None,Moist,Pink,Normal,Healthy,No_Diagnosis
47,36.3,26,8,0.2,87,Normal,High,None,Moist,Pink,Normal,Healthy,No_Diagnosis
60,38.0,54,16,-2.6,40,Loose,Low (Lethargic),None,Moist,Dry/Tacky,Normal,Infection,Bacterial/Viral Infection
35,36.5,26,9,-0.4,92,Normal,Moderate,None,Moist,Pink,Normal,Healthy,No_Diagnosis
46,36.1,35,9,0.4,93,Normal,High,None,Moist,Pink,Normal,Healthy,No_Diagnosis
44,36.0,35,9,0.7,92,Normal,High,None,Moist,Pink,Normal,Healthy,No_Diagnosis
44,37.7,45,12,-3.2,55,Normal,Low (Lethargic),None,Dry,Dry/Tacky,Stiff,Dehydration,Severe Dehydration
59,36.6,28,5,-0.4,85,Normal,High,None,Moist,Pink,Normal,Healthy,No_Diagnosis
13,36.5,26,7,0.8,99,Normal,High,None,Moist,Pink,Normal,Healthy,No_Diagnosis
17,35.9,35,10,-0.7,99,Normal,Moderate,None,Moist,Pink,Normal,Healthy,No_Diagnosis
29,36.4,34,5,-0.8,89,Normal,Moderate,None,Moist,Pink,Normal,Healthy,No_Diagnosis
24,39.2,37,16,-1.3,49,Loose,Low (Lethargic),None,Dry,Pale,Stiff,Infection,Bacterial/Viral Infection
16,36.2,32,6,-0.3,93,Normal,Moderate,None,Moist,Pink,Normal,Healthy,No_Diagnosis
4,37.0,50,13,-3.0,25,Loose,High,Mild,Dry,Pink,Normal,Indigestion,Colic / Digestion Issue
34,35.9,29,8,0.2,86,Normal,High,None,Moist,Pink,Normal,Healthy,No_Diagnosis
46,38.3,60,25,-3.0,60,Normal,Low (Lethargic),None,Dry,Dry/Tacky,Normal,Dehydration,Severe Dehydration
56,36.7,25,5,0.8,87,Normal,Moderate,None,Moist,Pink,Normal,Healthy,No_Diagnosis
36,36.3,32,11,0.7,94,Normal,High,None,Moist,Pink,Normal,Healthy,No_Diagnosis
46,36.4,32,5,0.3,94,Normal,High,None,Moist,Pink,Normal,Healthy,No_Diagnosis
41,36.6,35,10,-0.4,91,Normal,High,None,Moist,Pink,Normal,Healthy,No_Diagnosis
40,36.6,33,9,-0.8,97,Normal,High,None,Moist,Pink,Normal,Healthy,No_Diagnosis
57,36.3,33,11,0.3,90,Normal,Moderate,None,Moist,Pink,Normal,Healthy,No_Diagnosis
23,36.2,29,12,1.0,99,Normal,Moderate,None,Moist,Pink,Normal,Healthy,No_Diagnosis
55,36.8,28,11,0.8,92,Normal,High,None,Moist,Pink,Normal,Healthy,No_Diagnosis
27,39.2,49,29,-2.9,30,Loose,Low (Lethargic),None,Dry,Pale,Stiff,Infection,Bacterial/Viral Infection
3,36.0,35,6,0.5,95,Normal,High,None,Moist,Pink,Normal,Healthy,No_Diagnosis
57,36.5,29,8,0.5,86,Normal,Moderate,None,Moist,Pink,Normal,Healthy,No_Diagnosis
26,36.5,26,7,0.4,100,Normal,Moderate,None,Moist,Pink,Normal,Healthy,No_Diagnosis
21,36.5,35,9,0.4,86,Normal,High,None,Moist,Pink,Normal,Healthy,No_Diagnosis
50,36.6,33,10,-0.4,29,Loose,Moderate,None,Dry,Pale,Normal,Indigestion,Colic / Digestion Issue
10,35.9,28,5,-0.3,91,Normal,High,None,Moist,Pink,Normal,Healthy,No_Diagnosis
56,37.6,54,23,-3.2,56,Normal,Low (Lethargic),None,Dry,Dry/Tacky,Stiff,Dehydration,Severe Dehydration
59,36.0,40,8,-1.7,73,Normal,Moderate,Mild,Moist,Pink,Lameness,Arthritis,Joint Inflammation
32,36.2,25,5,-0.4,87,Normal,High,None,Moist,Pink,Normal,Healthy,No_Diagnosis
22,36.4,28,6,-0.6,92,Normal,Moderate,None,Moist,Pink,Normal,Healthy,No_Diagnosis
15,39.4,45,23,-2.4,56,Normal,Low (Lethargic),Mild,Moist,Pale,Stiff,Infection,Bacterial/Viral Infection
30,36.2,37,18,-2.9,39,Loose,Low (Lethargic),None,Moist,Pink,Normal,Indigestion,Colic / Digestion Issue
37,38.7,51,17,-1.9,31,Normal,Low (Lethargic),Mild,Moist,Pink,Stiff,Infection,Bacterial/Viral Infection
46,36.2,34,11,-0.3,94,Normal,Moderate,None,Moist,Pink,Normal,Healthy,No_Diagnosis
4,36.8,42,19,-2.3,28,Constipated,High,Mild,Dry,Pink,Normal,Indigestion,Colic / Digestion Issue
31,36.7,31,12,0.3,90,Normal,Moderate,None,Moist,Pink,Normal,Healthy,No_Diagnosis
50,35.9,34,6,-0.3,89,Normal,Moderate,None,Moist,Pink,Normal,Healthy,No_Diagnosis
5,39.4,44,19,-2.9,37,Loose,Low (Lethargic),Mild,Dry,Dry/Tacky,Stiff,Infection,Bacterial/Viral Infection
22,35.7,43,19,-2.1,21,Loose,Low (Lethargic),None,Moist,Pink,Normal,Indigestion,Colic / Digestion Issue
38,36.4,31,7,-1.2,94,Normal,Moderate,Severe,Moist,Pink,Stiff,Arthritis,Joint Inflammation
53,36.0,34,8,-0.5,87,Normal,Moderate,None,Moist,Pink,Normal,Healthy,No_Diagnosis
59,40.4,36,30,-2.7,41,Normal,Low (Lethargic),Mild,Moist,Pale,Stiff,Infection,Bacterial/Viral Infection
53,36.6,29,10,-0.1,90,Normal,Moderate,None,Moist,Pink,Normal,Healthy,No_Diagnosis
37,36.7,28,6,-1.0,100,Normal,High,None,Moist,Pink,Normal,Healthy,No_Diagnosis
50,36.1,39,9,-0.5,11,Loose,High,Mild,Moist,Pink,Normal,Indigestion,Colic / Digestion Issue
36,36.9,35,12,-1.8,90,Normal,Moderate,Mild,Moist,Pink,Stiff,Arthritis,Joint Inflammation
50,36.4,27,6,-0.5,84,Normal,Moderate,Severe,Moist,Pink,Stiff,Arthritis,Joint Inflammation
57,36.6,55,18,-4.9,56,Constipated,Low (Lethargic),None,Dry,Dry/Tacky,Normal,Dehydration,Severe Dehydration
26,38.0,51,21,-2.4,46,Normal,Low (Lethargic),None,Dry,Dry/Tacky,Normal,Dehydration,Severe Dehydration
2,36.2,38,19,-0.8,47,Constipated,Low (Lethargic),Mild,Dry,Pink,Normal,Indigestion,Colic / Digestion Issue
20,35.9,31,11,-0.4,89,Normal,High,None,Moist,Pink,Normal,Healthy,No_Diagnosis
38,38.5,51,28,-2.6,53,Normal,Low (Lethargic),None,Dry,Pink,Normal,Infection,Bacterial/Viral Infection
33,35.8,32,6,0.5,91,Normal,High,None,Moist,Pink,Normal,Healthy,No_Diagnosis
54,36.2,32,12,0.6,92,Normal,High,None,Moist,Pink,Normal,Healthy,No_Diagnosis
33,36.9,33,19,-1.2,14,Loose,Low (Lethargic),None,Dry,Pale,Normal,Indigestion,Colic / Digestion Issue
6,36.6,30,9,0.1,100,Normal,High,None,Moist,Pink,Normal,Healthy,No_Diagnosis
56,36.5,31,10,-0.2,87,Normal,Moderate,None,Moist,Pink,Normal,Healthy,No_Diagnosis
22,38.4,57,20,-2.7,47,Normal,Low (Lethargic),Mild,Dry,Dry/Tacky,Normal,Infection,Bacterial/Viral Infection
39,37.3,45,11,-1.9,26,Loose,Low (Lethargic),Mild,Dry,Pink,Normal,Indigestion,Colic / Digestion Issue
1,36.8,26,11,-0.7,91,Normal,Moderate,None,Moist,Pink,Normal,Healthy,No_Diagnosis
4,36.8,26,9,0.2,100,Normal,Moderate,None,Moist,Pink,Normal,Healthy,No_Diagnosis
55,38.5,52,18,-4.2,68,Normal,Low (Lethargic),None,Dry,Dry/Tacky,Normal,Dehydration,Severe Dehydration
15,37.4,30,9,-1.1,44,Loose,Low (Lethargic),Mild,Moist,Pink,Normal,Indigestion,Colic / Digestion Issue
43,36.7,25,7,-0.2,99,Normal,Moderate,None,Moist,Pink,Normal,Healthy,No_Diagnosis
55,36.1,29,5,-0.9,87,Normal,Moderate,None,Moist,Pink,Normal,Healthy,No_Diagnosis
55,35.9,31,9,0.4,92,Normal,Low (Lethargic),Mild,Moist,Pink,Lameness,Arthritis,Joint Inflammation
8,37.9,50,15,-4.7,66,Constipated,Low (Lethargic),None,Dry,Dry/Tacky,Normal,Dehydration,Severe Dehydration
19,36.6,53,15,-2.9,62,Normal,Low (Lethargic),None,Dry,Dry/Tacky,Stiff,Dehydration,Severe Dehydration
44,36.7,35,9,-0.0,96,Normal,Moderate,None,Moist,Pink,Normal,Healthy,No_Diagnosis
32,36.0,33,10,0.0,94,Normal,Moderate,None,Moist,Pink,Normal,Healthy,No_Diagnosis
54,36.2,35,10,-0.8,96,Normal,High,None,Moist,Pink,Normal,Healthy,No_Diagnosis
41,36.4,35,12,0.1,87,Normal,High,None,Moist,Pink,Normal,Healthy,No_Diagnosis
10,36.8,28,5,0.8,85,Normal,Moderate,None,Moist,Pink,Normal,Healthy,No_Diagnosis
26,36.0,32,7,-0.9,94,Normal,High,None,Moist,Pink,Normal,Healthy,No_Diagnosis
59,36.6,32,9,0.5,96,Normal,High,None,Moist,Pink,Normal,Healthy,No_Diagnosis
42,36.0,26,12,0.3,91,Normal,High,None,Moist,Pink,Normal,Healthy,No_Diagnosis
56,35.8,37,9,0.3,76,Normal,Low (Lethargic),Mild,Moist,Pink,Stiff,Arthritis,Joint Inflammation
2,36.2,26,6,-0.9,93,Normal,Moderate,None,Moist,Pink,Normal,Healthy,No_Diagnosis
35,37.3,48,10,-0.3,45,Constipated,Low (Lethargic),Mild,Dry,Pale,Normal,Indigestion,Colic / Digestion Issue
41,36.7,31,5,-0.2,87,Normal,Moderate,None,Moist,Pink,Normal,Healthy,No_Diagnosis
59,36.1,30,6,-0.6,100,Normal,Moderate,None,Moist,Pink,Normal,Healthy,No_Diagnosis
36,35.9,30,6,0.8,97,Normal,High,None,Moist,Pink,Normal,Healthy,No_Diagnosis
34,39.9,47,18,-2.9,40,Loose,Low (Lethargic),Mild,Dry,Dry/Tacky,Normal,Infection,Bacterial/Viral Infection
13,36.5,32,19,-0.1,21,Constipated,Moderate,Mild,Dry,Pink,Normal,Indigestion,Colic / Digestion Issue
32,36.2,26,7,0.4,92,Normal,High,None,Moist,Pink,Normal,Healthy,No_Diagnosis
3,38.2,60,30,-1.4,39,Loose,Low (Lethargic),Mild,Moist,Dry/Tacky,Normal,Infection,Bacterial/Viral Infection
36,36.5,31,6,-0.0,97,Normal,Moderate,None,Moist,Pink,Normal,Healthy,No_Diagnosis
40,36.8,29,7,-0.6,96,Normal,High,None,Moist,Pink,Normal,Healthy,No_Diagnosis
45,35.8,35,7,0.3,98,Normal,Moderate,None,Moist,Pink,Normal,Healthy,No_Diagnosis
59,35.8,33,8,0.4,88,Normal,High,None,Moist,Pink,Normal,Healthy,No_Diagnosis
14,36.2,34,9,0.4,95,Normal,High,None,Moist,Pink,Normal,Healthy,No_Diagnosis
54,36.0,32,5,0.4,99,Normal,Moderate,None,Moist,Pink,Normal,Healthy,No_Diagnosis
13,38.8,44,26,-1.5,39,Normal,Low (Lethargic),Mild,Dry,Pink,Stiff,Infection,Bacterial/Viral Infection
54,36.7,57,17,-4.1,59,Normal,Low (Lethargic),None,Dry,Dry/Tacky,Normal,Dehydration,Severe Dehydration
4,36.8,30,8,0.6,85,Normal,High,None,Moist,Pink,Normal,Healthy,No_Diagnosis
59,36.1,33,7,-0.9,100,Normal,High,None,Moist,Pink,Normal,Healthy,No_Diagnosis
40,40.5,57,19,-1.7,33,Loose,Low (Lethargic),Mild,Dry,Pink,Stiff,Infection,Bacterial/Viral Infection
38,36.3,36,11,-0.9,76,Normal,Low (Lethargic),Mild,Moist,Pink,Lameness,Arthritis,Joint Inflammation
43,36.3,34,10,0.5,98,Normal,High,None,Moist,Pink,Normal,Healthy,No_Diagnosis
18,35.8,29,9,0.7,94,Normal,Moderate,None,Moist,Pink,Normal,Healthy,No_Diagnosis
11,36.8,44,16,-4.6,43,Constipated,Low (Lethargic),None,Dry,Dry/Tacky,Stiff,Dehydration,Severe Dehydration
20,38.4,55,17,-1.3,41,Normal,Low (Lethargic),None,Dry,Pink,Normal,Infection,Bacterial/Viral Infection
57,39.3,54,30,-2.3,48,Loose,Low (Lethargic),Mild,Dry,Pink,Normal,Infection,Bacterial/Viral Infection
17,36.2,26,12,0.7,100,Normal,High,None,Moist,Pink,Normal,Healthy,No_Diagnosis
36,35.9,25,8,0.3,85,Normal,Moderate,None,Moist,Pink,Normal,Healthy,No_Diagnosis
45,36.2,30,7,1.0,92,Normal,Moderate,None,Moist,Pink,Normal,Healthy,No_Diagnosis
51,40.2,56,26,-1.0,56,Normal,Low (Lethargic),Mild,Moist,Pale,Stiff,Infection,Bacterial/Viral Infection
2,39.9,53,30,-2.1,36,Loose,Low (Lethargic),Mild,Moist,Dry/Tacky,Normal,Infection,Bacterial/Viral Infection
54,40.4,57,18,-2.2,37,Normal,Low (Lethargic),None,Moist,Pink,Normal,Infection,Bacterial/Viral Infection
39,39.9,37,17,-3.0,30,Loose,Low (Lethargic),Mild,Dry,Dry/Tacky,Stiff,Infection,Bacterial/Viral Infection
9,36.6,28,11,-0.2,89,Normal,Moderate,None,Moist,Pink,Normal,Healthy,No_Diagnosis
30,36.2,26,12,-0.4,100,Normal,High,None,Moist,Pink,Normal,Healthy,No_Diagnosis
42,36.7,35,6,0.8,86,Normal,High,None,Moist,Pink,Normal,Healthy,No_Diagnosis
14,36.6,29,11,-0.9,85,Normal,High,None,Moist,Pink,Normal,Healthy,No_Diagnosis
39,36.4,30,5,-0.2,95,Normal,Moderate,None,Moist,Pink,Normal,Healthy,No_Diagnosis
23,36.7,27,10,0.9,94,Normal,High,None,Moist,Pink,Normal,Healthy,No_Diagnosis
49,35.8,32,5,-0.5,94,Normal,High,None,Moist,Pink,Normal,Healthy,No_Diagnosis
52,36.1,26,5,-0.7,87,Normal,Moderate,None,Moist,Pink,Normal,Healthy,No_Diagnosis
40,35.9,30,11,0.1,100,Normal,High,None,Moist,Pink,Normal,Healthy,No_Diagnosis
47,38.1,52,13,-4.3,43,Constipated,Low (Lethargic),None,Dry,Dry/Tacky,Stiff,Dehydration,Severe Dehydration
42,36.7,29,9,0.6,85,Normal,Moderate,None,Moist,Pink,Normal,Healthy,No_Diagnosis
58,37.0,37,11,-1.2,46,Loose,Moderate,None,Dry,Pink,Normal,Indigestion,Colic / Digestion Issue
60,36.9,57,19,-4.8,42,Constipated,Low (Lethargic),None,Dry,Dry/Tacky,Normal,Dehydration,Severe Dehydration
43,36.2,25,8,-0.9,89,Normal,High,None,Moist,Pink,Normal,Healthy,No_Diagnosis
14,36.5,33,11,-0.7,95,Normal,High,None,Moist,Pink,Normal,Healthy,No_Diagnosis
39,35.8,29,7,0.1,79,Normal,Moderate,Severe,Moist,Pink,Stiff,Arthritis,Joint Inflammation
22,35.9,29,7,0.8,100,Normal,High,None,Moist,Pink,Normal,Healthy,No_Diagnosis
46,36.6,42,11,-2.1,21,Loose,Moderate,None,Moist,Pink,Normal,Indigestion,Colic / Digestion Issue
26,36.9,39,15,-0.4,39,Loose,Low (Lethargic),None,Dry,Pink,Normal,Indigestion,Colic / Digestion Issue
51,36.3,46,8,-0.1,33,Loose,Moderate,Mild,Moist,Pink,Normal,Indigestion,Colic / Digestion Issue
5,36.6,28,5,-0.8,100,Normal,High,None,Moist,Pink,Normal,Healthy,No_Diagnosis
24,36.8,25,9,-0.4,88,Normal,High,None,Moist,Pink,Normal,Healthy,No_Diagnosis
56,36.4,28,6,0.5,97,Normal,Moderate,None,Moist,Pink,Normal,Healthy,No_Diagnosis
52,35.8,29,7,-0.3,88,Normal,Low (Lethargic),Severe,Moist,Pink,Lameness,Arthritis,Joint Inflammation
45,36.1,25,7,-1.1,92,Normal,Low (Lethargic),Severe,Moist,Pink,Lameness,Arthritis,Joint Inflammation
50,36.7,25,9,-0.7,88,Normal,Moderate,None,Moist,Pink,Normal,Healthy,No_Diagnosis
37,35.6,31,11,-0.8,18,Constipated,High,None,Dry,Pink,Normal,Indigestion,Colic / Digestion Issue
60,36.3,33,6,0.8,98,Normal,Moderate,None,Moist,Pink,Normal,Healthy,No_Diagnosis
45,36.6,36,8,0.1,86,Normal,Moderate,Mild,Moist,Pink,Lameness,Arthritis,Joint Inflammation
46,36.4,35,12,0.4,91,Normal,High,None,Moist,Pink,Normal,Healthy,No_Diagnosis
8,38.0,54,14,-4.3,46,Constipated,Low (Lethargic),None,Dry,Dry/Tacky,Stiff,Dehydration,Severe Dehydration
31,35.9,29,7,0.3,99,Normal,Moderate,None,Moist,Pink,Normal,Healthy,No_Diagnosis
36,38.7,60,17,-1.4,57,Loose,Low (Lethargic),None,Dry,Dry/Tacky,Stiff,Infection,Bacterial/Viral Infection
45,36.3,30,11,0.8,99,Normal,High,None,Moist,Pink,Normal,Healthy,No_Diagnosis
32,40.0,54,28,-2.8,36,Normal,Low (Lethargic),Mild,Moist,Dry/Tacky,Stiff,Infection,Bacterial/Viral Infection
48,36.4,31,13,-0.8,92,Normal,Low (Lethargic),Mild,Moist,Pink,Stiff,Arthritis,Joint Inflammation
24,40.1,35,18,-2.3,52,Loose,Low (Lethargic),Mild,Dry,Pink,Normal,Infection,Bacterial/Viral Infection
22,36.2,30,6,0.9,86,Normal,High,None,Moist,Pink,Normal,Healthy,No_Diagnosis
38,36.6,37,19,-2.9,18,Loose,Low (Lethargic),None,Dry,Pale,Normal,Indigestion,Colic / Digestion Issue
19,40.0,41,30,-2.5,52,Loose,Low (Lethargic),None,Dry,Pale,Normal,Infection,Bacterial/Viral Infection
6,36.1,30,12,-0.4,96,Normal,High,None,Moist,Pink,Normal,Healthy,No_Diagnosis
49,36.1,50,20,-0.8,38,Constipated,Low (Lethargic),None,Moist,Pale,Normal,Indigestion,Colic / Digestion Issue
6,36.8,29,7,-0.1,100,Normal,Moderate,None,Moist,Pink,Normal,Healthy,No_Diagnosis
50,35.9,30,11,-0.3,87,Normal,High,None,Moist,Pink,Normal,Healthy,No_Diagnosis
9,39.7,52,29,-2.2,36,Loose,Low (Lethargic),None,Moist,Pink,Normal,Infection,Bacterial/Viral Infection
58,35.6,40,13,-0.3,83,Normal,Low (Lethargic),Severe,Moist,Pink,Stiff,Arthritis,Joint Inflammation
57,36.2,30,9,-0.5,97,Normal,High,None,Moist,Pink,Normal,Healthy,No_Diagnosis
6,37.2,52,20,-2.8,60,Constipated,Low (Lethargic),None,Dry,Dry/Tacky,Normal,Dehydration,Severe Dehydration
9,36.2,50,14,-2.2,32,Loose,Low (Lethargic),None,Moist,Pink,Normal,Indigestion,Colic / Digestion Issue
59,36.5,27,12,0.5,96,Normal,Moderate,None,Moist,Pink,Normal,Healthy,No_Diagnosis
37,36.0,28,11,-0.2,99,Normal,High,None,Moist,Pink,Normal,Healthy,No_Diagnosis
59,36.6,31,8,0.2,90,Normal,High,None,Moist,Pink,Normal,Healthy,No_Diagnosis
12,35.6,47,17,-0.4,11,Constipated,High,None,Dry,Pale,Normal,Indigestion,Colic / Digestion Issue
4,36.1,29,12,0.2,92,Normal,High,None,Moist,Pink,Normal,Healthy,No_Diagnosis
22,36.6,53,16,-4.7,66,Constipated,Low (Lethargic),None,Dry,Dry/Tacky,Normal,Dehydration,Severe Dehydration
31,40.4,38,15,-1.8,40,Normal,Low (Lethargic),None,Moist,Pale,Normal,Infection,Bacterial/Viral Infection
42,37.2,32,9,-0.9,27,Loose,Low (Lethargic),None,Moist,Pink,Normal,Indigestion,Colic / Digestion Issue
7,36.8,26,11,0.6,88,Normal,Moderate,None,Moist,Pink,Normal,Healthy,No_Diagnosis
36,36.3,37,7,-0.2,93,Normal,Moderate,Mild,Moist,Pink,Stiff,Arthritis,Joint Inflammation
12,36.5,31,7,-0.0,92,Normal,Moderate,None,Moist,Pink,Normal,Healthy,No_Diagnosis
55,39.8,47,30,-2.4,47,Loose,Low (Lethargic),Mild,Dry,Dry/Tacky,Normal,Infection,Bacterial/Viral Infection
19,36.6,26,9,-0.7,94,Normal,Moderate,None,Moist,Pink,Normal,Healthy,No_Diagnosis
57,35.8,25,6,-0.2,91,Normal,Moderate,None,Moist,Pink,Normal,Healthy,No_Diagnosis
42,36.5,30,11,-0.4,87,Normal,High,None,Moist,Pink,Normal,Healthy,No_Diagnosis
42,36.6,32,12,-0.4,92,Normal,Moderate,None,Moist,Pink,Normal,Healthy,No_Diagnosis
59,36.8,26,12,-1.2,74,Normal,Low (Lethargic),Mild,Moist,Pink,Lameness,Arthritis,Joint Inflammation
40,36.1,31,7,-0.5,72,Normal,Low (Lethargic),Severe,Moist,Pink,Stiff,Arthritis,Joint Inflammation
12,39.5,35,20,-1.3,60,Normal,Low (Lethargic),None,Moist,Pink,Stiff,Infection,Bacterial/Viral Infection
49,38.2,54,20,-2.5,43,Normal,Low (Lethargic),None,Dry,Dry/Tacky,Normal,Dehydration,Severe Dehydration
29,38.3,39,18,-1.1,43,Normal,Low (Lethargic),Mild,Dry,Dry/Tacky,Stiff,Infection,Bacterial/Viral Infection
3,39.1,55,25,-1.0,40,Normal,Low (Lethargic),None,Dry,Dry/Tacky,Normal,Infection,Bacterial/Viral Infection
56,36.5,26,12,-0.3,98,Normal,Moderate,None,Moist,Pink,Normal,Healthy,No_Diagnosis
50,36.2,28,8,-0.6,89,Normal,Moderate,None,Moist,Pink,Normal,Healthy,No_Diagnosis
41,39.1,54,16,-1.0,51,Loose,Low (Lethargic),None,Moist,Dry/Tacky,Normal,Infection,Bacterial/Viral Infection
5,36.4,34,10,0.5,86,Normal,High,None,Moist,Pink,Normal,Healthy,No_Diagnosis
6,35.9,31,10,0.6,92,Normal,Moderate,None,Moist,Pink,Normal,Healthy,No_Diagnosis
15,36.1,27,10,-0.5,94,Normal,High,None,Moist,Pink,Normal,Healthy,No_Diagnosis
54,38.2,56,22,-4.0,56,Normal,Low (Lethargic),None,Dry,Dry/Tacky,Stiff,Dehydration,Severe Dehydration
56,38.8,35,19,-1.6,42,Loose,Low (Lethargic),None,Moist,Pink,Normal,Infection,Bacterial/Viral Infection
58,35.9,37,18,-1.5,38,Loose,Low (Lethargic),None,Dry,Pink,Normal,Indigestion,Colic / Digestion Issue
6,36.4,49,18,-0.3,25,Constipated,High,None,Dry,Pale,Normal,Indigestion,Colic / Digestion Issue
59,36.4,28,7,-0.3,96,Normal,High,None,Moist,Pink,Normal,Healthy,No_Diagnosis
45,36.6,33,9,0.2,79,Normal,Moderate,Severe,Moist,Pink,Lameness,Arthritis,Joint Inflammation
51,36.2,35,8,0.3,94,Normal,High,None,Moist,Pink,Normal,Healthy,No_Diagnosis
58,36.8,29,12,0.2,90,Normal,Moderate,None,Moist,Pink,Normal,Healthy,No_Diagnosis
26,35.9,35,6,0.2,90,Normal,Moderate,None,Moist,Pink,Normal,Healthy,No_Diagnosis
25,36.6,48,15,-0.7,21,Constipated,Moderate,None,Moist,Pink,Normal,Indigestion,Colic / Digestion Issue
37,39.0,55,28,-1.7,32,Normal,Low (Lethargic),Mild,Dry,Dry/Tacky,Normal,Infection,Bacterial/Viral Infection
24,35.8,26,10,-0.9,90,Normal,High,None,Moist,Pink,Normal,Healthy,No_Diagnosis
5,35.6,49,8,-2.5,24,Loose,Low (Lethargic),None,Moist,Pale,Normal,Indigestion,Colic / Digestion Issue
39,36.1,30,8,-0.7,95,Normal,High,None,Moist,Pink,Normal,Healthy,No_Diagnosis
13,37.8,60,15,-3.9,51,Constipated,Low (Lethargic),None,Dry,Dry/Tacky,Stiff,Dehydration,Severe Dehydration
50,36.2,40,11,-0.7,91,Normal,Low (Lethargic),Mild,Moist,Pink,Lameness,Arthritis,Joint Inflammation
4,36.5,43,15,-1.0,29,Constipated,High,None,Dry,Pale,Normal,Indigestion,Colic / Digestion Issue
20,36.5,32,6,0.2,95,Normal,Moderate,None,Moist,Pink,Normal,Healthy,No_Diagnosis
46,36.7,26,8,0.0,99,Normal,Moderate,None,Moist,Pink,Normal,Healthy,No_Diagnosis
50,35.9,26,13,-1.9,72,Normal,Moderate,Mild,Moist,Pink,Stiff,Arthritis,Joint Inflammation
60,35.6,33,9,-1.8,76,Normal,Low (Lethargic),Severe,Moist,Pink,Lameness,Arthritis,Joint Inflammation
58,36.2,35,7,0.5,75,Normal,Low (Lethargic),Severe,Moist,Pink,Stiff,Arthritis,Joint Inflammation
26,36.6,49,20,-2.6,67,Constipated,Low (Lethargic),None,Dry,Dry/Tacky,Normal,Dehydration,Severe Dehydration
52,36.5,48,19,-2.0,64,Normal,Low (Lethargic),None,Dry,Dry/Tacky,Normal,Dehydration,Severe Dehydration
13,36.4,35,9,-0.1,88,Normal,Moderate,None,Moist,Pink,Normal,Healthy,No_Diagnosis
50,37.3,53,21,-4.3,53,Constipated,Low (Lethargic),None,Dry,Dry/Tacky,Normal,Dehydration,Severe Dehydration
18,36.4,33,7,0.6,85,Normal,Moderate,None,Moist,Pink,Normal,Healthy,No_Diagnosis
51,37.1,34,9,-2.1,32,Constipated,Low (Lethargic),Mild,Moist,Pink,Normal,Indigestion,Colic / Digestion Issue
53,35.9,33,6,-0.7,96,Normal,High,None,Moist,Pink,Normal,Healthy,No_Diagnosis
15,36.7,32,11,-0.5,86,Normal,High,None,Moist,Pink,Normal,Healthy,No_Diagnosis
41,35.7,26,6,-0.8,94,Normal,Moderate,Severe,Moist,Pink,Lameness,Arthritis,Joint Inflammation
48,38.1,59,17,-2.9,55,Constipated,Low (Lethargic),None,Dry,Dry/Tacky,Normal,Dehydration,Severe Dehydration
38,36.6,30,12,-0.1,98,Normal,Moderate,None,Moist,Pink,Normal,Healthy,No_Diagnosis
23,39.3,37,18,-1.0,38,Normal,Low (Lethargic),None,Moist,Dry/Tacky,Normal,Infection,Bacterial/Viral Infection
30,36.2,35,10,-1.0,93,Normal,Moderate,None,Moist,Pink,Normal,Healthy,No_Diagnosis
41,36.7,26,6,0.6,92,Normal,Moderate,None,Moist,Pink,Normal,Healthy,No_Diagnosis
8,36.2,30,9,0.9,96,Normal,High,None,Moist,Pink,Normal,Healthy,No_Diagnosis
7,36.0,28,8,0.4,96,Normal,Moderate,None,Moist,Pink,Normal,Healthy,No_Diagnosis
52,35.8,26,10,-1.7,78,Normal,Low (Lethargic),Severe,Moist,Pink,Lameness,Arthritis,Joint Inflammation
59,36.3,27,11,-0.1,79,Normal,Moderate,Severe,Moist,Pink,Stiff,Arthritis,Joint Inflammation
13,36.7,33,12,0.8,95,Normal,High,None,Moist,Pink,Normal,Healthy,No_Diagnosis
40,36.4,38,13,-2.0,93,Normal,Moderate,Mild,Moist,Pink,Stiff,Arthritis,Joint Inflammation
45,36.5,26,9,-0.4,85,Normal,Moderate,Mild,Moist,Pink,Stiff,Arthritis,Joint Inflammation
27,37.1,37,13,-0.3,11,Loose,Low (Lethargic),Mild,Dry,Pale,Normal,Indigestion,Colic / Digestion Issue
57,36.5,38,8,-0.3,26,Constipated,Low (Lethargic),None,Dry,Pink,Normal,Indigestion,Colic / Digestion Issue
6,35.9,27,8,-0.4,96,Normal,Moderate,None,Moist,Pink,Normal,Healthy,No_Diagnosis
6,36.4,34,11,-0.2,86,Normal,Moderate,None,Moist,Pink,Normal,Healthy,No_Diagnosis
45,36.6,25,11,-1.5,74,Normal,Low (Lethargic),Mild,Moist,Pink,Stiff,Arthritis,Joint Inflammation
14,36.7,25,5,0.8,88,Normal,High,None,Moist,Pink,Normal,Healthy,No_Diagnosis
2,35.9,30,11,0.6,91,Normal,High,None,Moist,Pink,Normal,Healthy,No_Diagnosis
9,36.8,32,10,-0.0,91,Normal,Moderate,None,Moist,Pink,Normal,Healthy,No_Diagnosis
46,36.5,27,6,-0.9,85,Normal,Moderate,None,Moist,Pink,Normal,Healthy,No_Diagnosis
45,36.8,47,11,-0.5,41,Constipated,Moderate,None,Moist,Pale,Normal,Indigestion,Colic / Digestion Issue
14,36.5,29,6,-0.6,92,Normal,High,None,Moist,Pink,Normal,Healthy,No_Diagnosis
42,38.7,56,17,-2.2,42,Loose,Low (Lethargic),None,Dry,Pink,Normal,Infection,Bacterial/Viral Infection
40,35.9,31,11,0.8,89,Normal,Moderate,None,Moist,Pink,Normal,Healthy,No_Diagnosis
46,36.9,33,8,0.4,71,Normal,Low (Lethargic),Severe,Moist,Pink,Stiff,Arthritis,Joint Inflammation
49,39.9,57,17,-2.8,40,Loose,Low (Lethargic),None,Moist,Pink,Normal,Infection,Bacterial/Viral Infection
42,35.8,34,13,-2.0,85,Normal,Moderate,Mild,Moist,Pink,Lameness,Arthritis,Joint Inflammation
11,36.4,25,6,-0.7,96,Normal,High,None,Moist,Pink,Normal,Healthy,No_Diagnosis
2,36.2,27,5,0.2,87,Normal,Moderate,None,Moist,Pink,Normal,Healthy,No_Diagnosis
20,36.2,30,5,-0.1,95,Normal,Moderate,None,Moist,Pink,Normal,Healthy,No_Diagnosis
59,36.3,35,7,0.1,99,Normal,High,None,Moist,Pink,Normal,Healthy,No_Diagnosis
11,36.5,30,12,-0.2,94,Normal,Moderate,None,Moist,Pink,Normal,Healthy,No_Diagnosis
53,37.3,35,17,-1.4,25,Constipated,Low (Lethargic),None,Dry,Pale,Normal,Indigestion,Colic / Digestion Issue
40,36.5,35,17,-0.5,42,Loose,Moderate,Mild,Moist,Pink,Normal,Indigestion,Colic / Digestion Issue
24,36.3,26,6,-0.2,94,Normal,High,None,Moist,Pink,Normal,Healthy,No_Diagnosis
2,36.6,34,18,-1.5,36,Constipated,High,Mild,Dry,Pink,Normal,Indigestion,Colic / Digestion Issue
46,35.9,38,11,-0.0,44,Loose,Moderate,Mild,Dry,Pink,Normal,Indigestion,Colic / Digestion Issue
57,38.3,35,30,-2.1,31,Normal,Low (Lethargic),None,Moist,Pale,Normal,Infection,Bacterial/Viral Infection
37,39.8,54,20,-2.3,50,Loose,Low (Lethargic),None,Moist,Pink,Stiff,Infection,Bacterial/Viral Infection
36,37.6,47,18,-3.8,66,Constipated,Low (Lethargic),None,Dry,Dry/Tacky,Stiff,Dehydration,Severe Dehydration
49,36.5,31,8,0.3,90,Normal,High,None,Moist,Pink,Normal,Healthy,No_Diagnosis
2,36.3,38,8,-1.0,37,Constipated,Moderate,None,Dry,Pink,Normal,Indigestion,Colic / Digestion Issue
25,36.2,34,6,-0.5,90,Normal,High,None,Moist,Pink,Normal,Healthy,No_Diagnosis
39,39.5,48,19,-2.2,37,Loose,Low (Lethargic),None,Moist,Dry/Tacky,Normal,Infection,Bacterial/Viral Infection
52,36.5,43,19,-1.7,18,Loose,Low (Lethargic),None,Moist,Pink,Normal,Indigestion,Colic / Digestion Issue
39,39.9,58,29,-2.7,34,Loose,Low (Lethargic),Mild,Dry,Pale,Stiff,Infection,Bacterial/Viral Infection
15,36.0,27,11,0.4,99,Normal,High,None,Moist,Pink,Normal,Healthy,No_Diagnosis
40,38.5,44,30,-2.5,51,Loose,Low (Lethargic),Mild,Dry,Pale,Normal,Infection,Bacterial/Viral Infection
59,35.9,28,5,-0.2,87,Normal,High,None,Moist,Pink,Normal,Healthy,No_Diagnosis
52,35.5,27,9,-0.2,83,Normal,Moderate,Severe,Moist,Pink,Stiff,Arthritis,Joint Inflammation
12,37.4,37,17,-2.1,33,Loose,High,None,Moist,Pale,Normal,Indigestion,Colic / Digestion Issue
33,35.9,32,7,-0.0,86,Normal,High,None,Moist,Pink,Normal,Healthy,No_Diagnosis
22,36.0,35,10,0.2,95,Normal,Moderate,None,Moist,Pink,Normal,Healthy,No_Diagnosis
57,38.3,37,27,-1.7,47,Normal,Low (Lethargic),Mild,Dry,Dry/Tacky,Stiff,Infection,Bacterial/Viral Infection
13,39.5,59,28,-1.7,56,Loose,Low (Lethargic),None,Moist,Dry/Tacky,Normal,Infection,Bacterial/Viral Infection
53,35.7,39,12,-0.4,80,Normal,Low (Lethargic),Mild,Moist,Pink,Stiff,Arthritis,Joint Inflammation
23,35.8,45,20,-1.3,31,Loose,High,None,Moist,Pale,Normal,Indigestion,Colic / Digestion Issue
9,36.7,35,10,-0.0,87,Normal,High,None,Moist,Pink,Normal,Healthy,No_Diagnosis
24,36.5,29,8,-0.8,91,Normal,High,None,Moist,Pink,Normal,Healthy,No_Diagnosis
55,36.4,29,8,-0.9,88,Normal,Moderate,None,Moist,Pink,Normal,Healthy,No_Diagnosis
33,36.7,30,9,0.2,95,Normal,Moderate,None,Moist,Pink,Normal,Healthy,No_Diagnosis
28,38.2,50,21,-4.0,67,Constipated,Low (Lethargic),None,Dry,Dry/Tacky,Normal,Dehydration,Severe Dehydration
7,39.1,35,16,-1.9,37,Normal,Low (Lethargic),Mild,Dry,Pale,Normal,Infection,Bacterial/Viral Infection
35,36.7,26,5,-0.7,86,Normal,High,None,Moist,Pink,Normal,Healthy,No_Diagnosis
23,36.3,30,7,0.6,87,Normal,High,None,Moist,Pink,Normal,Healthy,No_Diagnosis
2,37.2,49,18,-2.8,12,Loose,High,Mild,Moist,Pink,Normal,Indigestion,Colic / Digestion Issue
29,36.2,34,10,-0.6,89,Normal,High,None,Moist,Pink,Normal,Healthy,No_Diagnosis
53,37.9,55,22,-2.3,50,Normal,Low (Lethargic),None,Dry,Dry/Tacky,Stiff,Dehydration,Severe Dehydration
23,36.3,35,5,-0.2,90,Normal,High,None,Moist,Pink,Normal,Healthy,No_Diagnosis
27,36.3,37,10,-1.5,22,Constipated,Moderate,Mild,Moist,Pink,Normal,Indigestion,Colic / Digestion Issue
10,36.2,29,12,-0.2,97,Normal,High,None,Moist,Pink,Normal,Healthy,No_Diagnosis
46,36.2,28,11,-0.6,83,Normal,Low (Lethargic),Mild,Moist,Pink,Lameness,Arthritis,Joint Inflammation
58,36.6,36,15,-2.7,18,Constipated,Low (Lethargic),Mild,Moist,Pink,Normal,Indigestion,Colic / Digestion Issue
16,36.4,34,10,-0.9,95,Normal,High,None,Moist,Pink,Normal,Healthy,No_Diagnosis
10,39.2,49,25,-1.7,44,Loose,Low (Lethargic),Mild,Dry,Dry/Tacky,Stiff,Infection,Bacterial/Viral Infection
54,35.8,28,12,0.0,81,Normal,Low (Lethargic),Mild,Moist,Pink,Stiff,Arthritis,Joint Inflammation
51,36.1,27,11,-0.3,88,Normal,Moderate,None,Moist,Pink,Normal,Healthy,No_Diagnosis
7,39.4,42,17,-2.9,43,Loose,Low (Lethargic),None,Dry,Pale,Stiff,Infection,Bacterial/Viral Infection
45,37.1,35,14,-0.4,43,Loose,Moderate,None,Moist,Pale,Normal,Indigestion,Colic / Digestion Issue
42,35.5,43,17,-2.0,16,Loose,High,None,Dry,Pale,Normal,Indigestion,Colic / Digestion Issue
45,38.0,41,18,-3.4,57,Normal,Low (Lethargic),None,Dry,Dry/Tacky,Normal,Dehydration,Severe Dehydration
14,36.0,39,15,-0.9,25,Loose,Low (Lethargic),None,Moist,Pale,Normal,Indigestion,Colic / Digestion Issue
37,36.5,47,9,-1.1,45,Loose,Moderate,None,Moist,Pink,Normal,Indigestion,Colic / Digestion Issue
21,36.7,26,12,-0.3,88,Normal,Moderate,None,Moist,Pink,Normal,Healthy,No_Diagnosis
6,36.7,33,5,0.6,87,Normal,Moderate,None,Moist,Pink,Normal,Healthy,No_Diagnosis
33,36.7,35,8,0.4,94,Normal,Moderate,None,Moist,Pink,Normal,Healthy,No_Diagnosis
46,36.3,31,11,-0.8,92,Normal,Moderate,None,Moist,Pink,Normal,Healthy,No_Diagnosis
15,36.6,35,8,-0.9,90,Normal,High,None,Moist,Pink,Normal,Healthy,No_Diagnosis
23,36.0,31,11,0.1,92,Normal,High,None,Moist,Pink,Normal,Healthy,No_Diagnosis
56,36.7,35,10,0.2,91,Normal,High,None,Moist,Pink,Normal,Healthy,No_Diagnosis
42,36.7,25,11,0.4,100,Normal,High,None,Moist,Pink,Normal,Healthy,No_Diagnosis
41,36.9,46,17,-1.3,30,Loose,Moderate,None,Moist,Pale,Normal,Indigestion,Colic / Digestion Issue
28,37.5,59,12,-4.2,63,Constipated,Low (Lethargic),None,Dry,Dry/Tacky,Stiff,Dehydration,Severe Dehydration
54,36.9,28,13,-1.7,92,Normal,Low (Lethargic),Severe,Moist,Pink,Stiff,Arthritis,Joint Inflammation
48,36.8,34,7,0.3,81,Normal,Low (Lethargic),Severe,Moist,Pink,Lameness,Arthritis,Joint Inflammation
47,36.0,49,19,-2.9,19,Constipated,Moderate,None,Moist,Pale,Normal,Indigestion,Colic / Digestion Issue
6,36.7,34,7,-0.0,100,Normal,Moderate,None,Moist,Pink,Normal,Healthy,No_Diagnosis
52,36.1,41,13,-1.1,10,Loose,High,Mild,Dry,Pale,Normal,Indigestion,Colic / Digestion Issue
3,36.5,34,7,0.2,85,Normal,High,None,Moist,Pink,Normal,Healthy,No_Diagnosis
39,36.1,35,9,-0.7,89,Normal,Moderate,None,Moist,Pink,Normal,Healthy,No_Diagnosis
28,36.5,55,21,-3.9,43,Normal,Low (Lethargic),None,Dry,Dry/Tacky,Stiff,Dehydration,Severe Dehydration
57,40.2,60,23,-2.0,52,Normal,Low (Lethargic),Mild,Dry,Dry/Tacky,Normal,Infection,Bacterial/Viral Infection
11,37.4,46,18,-3.7,52,Normal,Low (Lethargic),None,Dry,Dry/Tacky,Normal,Dehydration,Severe Dehydration
45,36.8,30,7,0.5,89,Normal,High,None,Moist,Pink,Normal,Healthy,No_Diagnosis
29,35.9,48,14,-2.7,49,Constipated,Moderate,Mild,Dry,Pale,Normal,Indigestion,Colic / Digestion Issue
36,36.5,26,11,-0.6,86,Normal,Moderate,None,Moist,Pink,Normal,Healthy,No_Diagnosis
55,38.1,49,12,-4.0,64,Constipated,Low (Lethargic),None,Dry,Dry/Tacky,Normal,Dehydration,Severe Dehydration
30,36.3,48,13,-0.5,45,Constipated,High,Mild,Moist,Pale,Normal,Indigestion,Colic / Digestion Issue
54,38.2,43,24,-2.4,68,Normal,Low (Lethargic),None,Dry,Dry/Tacky,Normal,Dehydration,Severe Dehydration
34,36.6,34,8,-0.2,99,Normal,High,None,Moist,Pink,Normal,Healthy,No_Diagnosis
59,36.4,32,10,0.2,85,Normal,High,None,Moist,Pink,Normal,Healthy,No_Diagnosis
60,36.0,30,10,0.3,97,Normal,High,None,Moist,Pink,Normal,Healthy,No_Diagnosis
53,36.4,30,10,0.2,77,Normal,Moderate,Mild,Moist,Pink,Lameness,Arthritis,Joint Inflammation
6,40.0,44,23,-2.8,39,Loose,Low (Lethargic),None,Dry,Pink,Normal,Infection,Bacterial/Viral Infection
45,37.0,49,20,-3.8,44,Normal,Low (Lethargic),None,Dry,Dry/Tacky,Normal,Dehydration,Severe Dehydration
29,37.3,60,18,-3.7,62,Normal,Low (Lethargic),None,Dry,Dry/Tacky,Normal,Dehydration,Severe Dehydration
47,36.1,40,8,-1.5,74,Normal,Moderate,Severe,Moist,Pink,Lameness,Arthritis,Joint Inflammation
48,36.1,35,12,1.0,90,Normal,High,None,Moist,Pink,Normal,Healthy,No_Diagnosis
25,35.8,30,6,0.1,94,Normal,Moderate,None,Moist,Pink,Normal,Healthy,No_Diagnosis
3,36.1,36,19,-0.1,21,Constipated,Moderate,Mild,Dry,Pale,Normal,Indigestion,Colic / Digestion Issue
40,35.5,39,18,-1.8,49,Loose,High,Mild,Dry,Pale,Normal,Indigestion,Colic / Digestion Issue
43,36.1,29,5,-0.4,96,Normal,Moderate,None,Moist,Pink,Normal,Healthy,No_Diagnosis
26,36.4,29,7,0.1,91,Normal,High,None,Moist,Pink,Normal,Healthy,No_Diagnosis
22,35.9,35,6,0.6,91,Normal,Moderate,None,Moist,Pink,Normal,Healthy,No_Diagnosis
9,36.6,25,9,-0.8,95,Normal,High,None,Moist,Pink,Normal,Healthy,No_Diagnosis
8,35.8,29,8,0.7,99,Normal,High,None,Moist,Pink,Normal,Healthy,No_Diagnosis
51,35.7,25,9,-0.9,83,Normal,Moderate,Mild,Moist,Pink,Lameness,Arthritis,Joint Inflammation
3,36.3,35,5,-0.7,87,Normal,High,None,Moist,Pink,Normal,Healthy,No_Diagnosis
20,38.2,53,22,-2.5,47,Normal,Low (Lethargic),None,Moist,Pink,Normal,Infection,Bacterial/Viral Infection
42,38.3,35,23,-1.0,56,Normal,Low (Lethargic),Mild,Dry,Pink,Normal,Infection,Bacterial/Viral Infection
53,36.8,40,13,0.3,89,Normal,Moderate,Mild,Moist,Pink,Lameness,Arthritis,Joint Inflammation
17,36.6,26,7,0.1,93,Normal,Moderate,None,Moist,Pink,Normal,Healthy,No_Diagnosis
1,38.3,53,17,-2.2,36,Loose,Low (Lethargic),Mild,Dry,Pale,Stiff,Infection,Bacterial/Viral Infection
47,36.6,45,20,-2.8,68,Normal,Low (Lethargic),None,Dry,Dry/Tacky,Normal,Dehydration,Severe Dehydration
10,36.2,30,8,-0.8,94,Normal,High,None,Moist,Pink,Normal,Healthy,No_Diagnosis
4,37.5,37,15,-2.1,50,Loose,Moderate,Mild,Dry,Pale,Normal,Indigestion,Colic / Digestion Issue
41,36.1,50,9,-2.1,32,Constipated,Moderate,Mild,Dry,Pink,Normal,Indigestion,Colic / Digestion Issue
24,36.4,31,11,0.0,91,Normal,Moderate,None,Moist,Pink,Normal,Healthy,No_Diagnosis
1,36.2,27,10,0.2,94,Normal,Moderate,None,Moist,Pink,Normal,Healthy,No_Diagnosis
5,38.8,55,28,-2.0,46,Loose,Low (Lethargic),None,Dry,Pale,Stiff,Infection,Bacterial/Viral Infection
14,36.0,27,5,0.0,95,Normal,Moderate,None,Moist,Pink,Normal,Healthy,No_Diagnosis
47,35.5,47,13,-1.7,47,Loose,Moderate,Mild,Dry,Pink,Normal,Indigestion,Colic / Digestion Issue
26,36.1,26,7,0.8,88,Normal,Moderate,None,Moist,Pink,Normal,Healthy,No_Diagnosis
19,37.9,52,24,-4.9,62,Normal,Low (Lethargic),None,Dry,Dry/Tacky,Stiff,Dehydration,Severe Dehydration
56,36.8,35,14,-1.0,85,Normal,Moderate,Mild,Moist,Pink,Stiff,Arthritis,Joint Inflammation
53,40.2,48,17,-1.9,44,Loose,Low (Lethargic),Mild,Dry,Pink,Normal,Infection,Bacterial/Viral Infection
39,36.3,34,7,0.5,97,Normal,Moderate,None,Moist,Pink,Normal,Healthy,No_Diagnosis
55,37.0,49,17,-3.7,58,Constipated,Low (Lethargic),None,Dry,Dry/Tacky,Stiff,Dehydration,Severe Dehydration
14,36.0,35,7,-0.5,96,Normal,High,None,Moist,Pink,Normal,Healthy,No_Diagnosis
33,36.6,32,7,0.2,91,Normal,High,None,Moist,Pink,Normal,Healthy,No_Diagnosis
49,35.9,28,10,0.9,99,Normal,High,None,Moist,Pink,Normal,Healthy,No_Diagnosis
57,36.7,28,11,0.2,77,Normal,Moderate,Mild,Moist,Pink,Lameness,Arthritis,Joint Inflammation
54,36.6,33,7,-0.8,94,Normal,High,None,Moist,Pink,Normal,Healthy,No_Diagnosis
54,37.1,30,13,-0.0,49,Loose,High,Mild,Dry,Pink,Normal,Indigestion,Colic / Digestion Issue
38,36.3,35,9,-0.1,86,Normal,Moderate,None,Moist,Pink,Normal,Healthy,No_Diagnosis
37,35.8,31,11,-0.2,74,Normal,Low (Lethargic),Severe,Moist,Pink,Stiff,Arthritis,Joint Inflammation
51,35.8,36,14,-1.6,42,Loose,Low (Lethargic),None,Dry,Pink,Normal,Indigestion,Colic / Digestion Issue
28,37.0,31,10,-1.9,50,Loose,High,None,Moist,Pink,Normal,Indigestion,Colic / Digestion Issue
22,36.4,30,6,0.8,91,Normal,High,None,Moist,Pink,Normal,Healthy,No_Diagnosis
41,36.8,32,12,0.7,87,Normal,Moderate,None,Moist,Pink,Normal,Healthy,No_Diagnosis
59,36.7,27,7,-0.5,94,Normal,Moderate,None,Moist,Pink,Normal,Healthy,No_Diagnosis
50,37.6,56,14,-3.3,40,Normal,Low (Lethargic),None,Dry,Dry/Tacky,Stiff,Dehydration,Severe Dehydration
4,36.7,27,5,0.9,91,Normal,High,None,Moist,Pink,Normal,Healthy,No_Diagnosis
47,36.9,37,11,-1.0,79,Normal,Low (Lethargic),Severe,Moist,Pink,Lameness,Arthritis,Joint Inflammation
35,36.3,37,13,0.0,91,Normal,Moderate,Mild,Moist,Pink,Lameness,Arthritis,Joint Inflammation
44,36.1,32,9,-0.7,91,Normal,Moderate,None,Moist,Pink,Normal,Healthy,No_Diagnosis
8,39.6,35,21,-1.1,30,Loose,Low (Lethargic),Mild,Moist,Pink,Stiff,Infection,Bacterial/Viral Infection
60,36.6,33,11,0.5,86,Normal,Moderate,None,Moist,Pink,Normal,Healthy,No_Diagnosis
1,36.5,26,8,0.7,88,Normal,High,None,Moist,Pink,Normal,Healthy,No_Diagnosis
47,36.8,37,8,-0.3,72,Normal,Low (Lethargic),Mild,Moist,Pink,Lameness,Arthritis,Joint Inflammation
39,36.8,27,11,-1.8,95,Normal,Low (Lethargic),Mild,Moist,Pink,Stiff,Arthritis,Joint Inflammation
29,35.8,35,18,-0.4,36,Loose,Moderate,None,Dry,Pink,Normal,Indigestion,Colic / Digestion Issue
2,37.0,43,18,-2.8,43,Normal,Low (Lethargic),None,Dry,Dry/Tacky,Normal,Dehydration,Severe Dehydration
17,36.6,34,8,-0.0,93,Normal,Moderate,None,Moist,Pink,Normal,Healthy,No_Diagnosis
45,36.4,34,8,-0.1,86,Normal,Moderate,None,Moist,Pink,Normal,Healthy,No_Diagnosis
51,36.1,35,12,-0.9,87,Normal,High,None,Moist,Pink,Normal,Healthy,No_Diagnosis
48,36.1,41,10,-1.8,15,Constipated,High,None,Moist,Pink,Normal,Indigestion,Colic / Digestion Issue
10,36.1,32,10,0.7,91,Normal,Moderate,None,Moist,Pink,Normal,Healthy,No_Diagnosis
13,36.1,26,11,0.7,99,Normal,High,None,Moist,Pink,Normal,Healthy,No_Diagnosis
58,36.4,30,6,-0.6,92,Normal,High,None,Moist,Pink,Normal,Healthy,No_Diagnosis
41,39.3,59,19,-2.3,32,Normal,Low (Lethargic),Mild,Dry,Pink,Normal,Infection,Bacterial/Viral Infection
20,36.5,32,6,-0.8,100,Normal,Moderate,None,Moist,Pink,Normal,Healthy,No_Diagnosis
55,35.7,25,8,-1.7,77,Normal,Low (Lethargic),Mild,Moist,Pink,Lameness,Arthritis,Joint Inflammation
56,36.3,28,9,-1.6,87,Normal,Moderate,Severe,Moist,Pink,Lameness,Arthritis,Joint Inflammation
36,36.1,33,10,-0.3,93,Normal,Moderate,None,Moist,Pink,Normal,Healthy,No_Diagnosis
47,38.8,40,23,-2.3,52,Normal,Low (Lethargic),Mild,Dry,Dry/Tacky,Stiff,Infection,Bacterial/Viral Infection
5,37.8,52,16,-4.4,52,Constipated,Low (Lethargic),None,Dry,Dry/Tacky,Normal,Dehydration,Severe Dehydration
40,35.9,49,15,-1.7,27,Loose,High,Mild,Dry,Pale,Normal,Indigestion,Colic / Digestion Issue
58,36.5,36,14,-1.1,70,Normal,Moderate,Mild,Moist,Pink,Lameness,Arthritis,Joint Inflammation
38,36.2,45,20,-1.4,45,Loose,Low (Lethargic),Mild,Dry,Pale,Normal,Indigestion,Colic / Digestion Issue
45,38.6,40,16,-1.5,49,Loose,Low (Lethargic),None,Moist,Dry/Tacky,Normal,Infection,Bacterial/Viral Infection
60,37.7,57,16,-2.4,50,Constipated,Low (Lethargic),None,Dry,Dry/Tacky,Stiff,Dehydration,Severe Dehydration
14,36.7,28,9,-0.9,91,Normal,High,None,Moist,Pink,Normal,Healthy,No_Diagnosis
29,36.7,28,8,-1.0,96,Normal,High,None,Moist,Pink,Normal,Healthy,No_Diagnosis
20,36.8,29,8,0.9,95,Normal,Moderate,None,Moist,Pink,Normal,Healthy,No_Diagnosis
44,38.3,44,25,-3.1,48,Normal,Low (Lethargic),None,Dry,Dry/Tacky,Normal,Dehydration,Severe Dehydration
40,38.2,50,19,-3.2,51,Normal,Low (Lethargic),None,Dry,Dry/Tacky,Normal,Dehydration,Severe Dehydration
22,36.4,29,11,0.8,98,Normal,Moderate,None,Moist,Pink,Normal,Healthy,No_Diagnosis
36,36.4,29,6,-1.1,85,Normal,Low (Lethargic),Severe,Moist,Pink,Stiff,Arthritis,Joint Inflammation
41,36.3,32,6,0.9,87,Normal,High,None,Moist,Pink,Normal,Healthy,No_Diagnosis
58,38.6,47,28,-2.7,54,Loose,Low (Lethargic),Mild,Moist,Pink,Normal,Infection,Bacterial/Viral Infection
59,36.3,32,8,0.8,85,Normal,High,None,Moist,Pink,Normal,Healthy,No_Diagnosis
4,35.7,38,17,-1.9,50,Constipated,Moderate,Mild,Dry,Pink,Normal,Indigestion,Colic / Digestion Issue
31,36.4,33,11,0.4,87,Normal,High,None,Moist,Pink,Normal,Healthy,No_Diagnosis
52,36.9,49,13,-4.3,52,Normal,Low (Lethargic),None,Dry,Dry/Tacky,Stiff,Dehydration,Severe Dehydration
25,37.0,38,19,-1.6,10,Loose,Moderate,None,Dry,Pink,Normal,Indigestion,Colic / Digestion Issue
41,35.8,29,11,-0.1,94,Normal,High,None,Moist,Pink,Normal,Healthy,No_Diagnosis
30,36.7,35,18,-2.2,47,Loose,High,None,Dry,Pale,Normal,Indigestion,Colic / Digestion Issue
2,35.9,33,12,0.4,100,Normal,Moderate,None,Moist,Pink,Normal,Healthy,No_Diagnosis
29,40.5,52,27,-2.4,46,Normal,Low (Lethargic),None,Moist,Pale,Normal,Infection,Bacterial/Viral Infection
10,36.7,25,8,0.1,90,Normal,High,None,Moist,Pink,Normal,Healthy,No_Diagnosis
7,36.8,30,6,-0.2,88,Normal,Moderate,None,Moist,Pink,Normal,Healthy,No_Diagnosis
22,36.4,32,6,0.9,92,Normal,Moderate,None,Moist,Pink,Normal,Healthy,No_Diagnosis
15,36.0,34,6,0.8,100,Normal,High,None,Moist,Pink,Normal,Healthy,No_Diagnosis
12,39.5,55,24,-1.2,47,Loose,Low (Lethargic),None,Dry,Pale,Stiff,Infection,Bacterial/Viral Infection
54,36.7,30,5,-0.3,96,Normal,High,None,Moist,Pink,Normal,Healthy,No_Diagnosis
27,37.9,47,24,-4.7,69,Constipated,Low (Lethargic),None,Dry,Dry/Tacky,Normal,Dehydration,Severe Dehydration
5,40.2,52,23,-1.1,31,Normal,Low (Lethargic),None,Dry,Pink,Normal,Infection,Bacterial/Viral Infection
9,37.4,35,16,-1.4,38,Constipated,Moderate,None,Moist,Pale,Normal,Indigestion,Colic / Digestion Issue
2,36.2,28,9,-0.6,97,Normal,High,None,Moist,Pink,Normal,Healthy,No_Diagnosis
41,37.5,47,23,-4.2,47,Normal,Low (Lethargic),None,Dry,Dry/Tacky,Stiff,Dehydration,Severe Dehydration
30,38.3,51,18,-4.0,41,Normal,Low (Lethargic),None,Dry,Dry/Tacky,Normal,Dehydration,Severe Dehydration
58,37.0,31,10,0.4,80,Normal,Low (Lethargic),Mild,Moist,Pink,Stiff,Arthritis,Joint Inflammation
14,36.6,34,9,-0.6,87,Normal,Moderate,None,Moist,Pink,Normal,Healthy,No_Diagnosis
53,39.8,40,23,-2.5,37,Loose,Low (Lethargic),Mild,Moist,Pale,Normal,Infection,Bacterial/Viral Infection
52,36.4,28,12,-0.5,90,Normal,Moderate,None,Moist,Pink,Normal,Healthy,No_Diagnosis
50,36.4,26,12,0.7,92,Normal,Moderate,None,Moist,Pink,Normal,Healthy,No_Diagnosis
47,36.6,25,10,0.8,85,Normal,Moderate,None,Moist,Pink,Normal,Healthy,No_Diagnosis
47,36.6,54,16,-3.3,40,Normal,Low (Lethargic),None,Dry,Dry/Tacky,Stiff,Dehydration,Severe Dehydration
26,39.0,51,15,-2.2,42,Loose,Low (Lethargic),None,Moist,Pink,Normal,Infection,Bacterial/Viral Infection
37,36.0,32,9,-0.4,86,Normal,High,None,Moist,Pink,Normal,Healthy,No_Diagnosis
49,36.4,30,10,-0.9,73,Normal,Moderate,Mild,Moist,Pink,Stiff,Arthritis,Joint Inflammation
37,39.1,43,30,-2.0,60,Loose,Low (Lethargic),Mild,Dry,Pale,Normal,Infection,Bacterial/Viral Infection
8,36.1,28,10,0.1,98,Normal,High,None,Moist,Pink,Normal,Healthy,No_Diagnosis
60,36.5,37,15,-2.5,16,Loose,Low (Lethargic),Mild,Dry,Pink,Normal,Indigestion,Colic / Digestion Issue
52,36.0,32,10,0.6,96,Normal,High,None,Moist,Pink,Normal,Healthy,No_Diagnosis
52,36.7,40,12,-3.7,45,Constipated,Low (Lethargic),None,Dry,Dry/Tacky,Stiff,Dehydration,Severe Dehydration
59,36.8,27,6,-0.4,92,Normal,Moderate,None,Moist,Pink,Normal,Healthy,No_Diagnosis
23,36.6,32,10,0.3,87,Normal,Moderate,None,Moist,Pink,Normal,Healthy,No_Diagnosis
15,37.7,57,24,-2.4,44,Normal,Low (Lethargic),None,Dry,Dry/Tacky,Normal,Dehydration,Severe Dehydration
13,36.5,28,8,0.5,98,Normal,High,None,Moist,Pink,Normal,Healthy,No_Diagnosis
5,36.0,33,6,0.8,97,Normal,Moderate,None,Moist,Pink,Normal,Healthy,No_Diagnosis
36,35.8,32,7,-0.9,97,Normal,Moderate,None,Moist,Pink,Normal,Healthy,No_Diagnosis
34,36.4,30,11,0.6,89,Normal,High,None,Moist,Pink,Normal,Healthy,No_Diagnosis
37,40.0,43,24,-3.0,47,Loose,Low (Lethargic),Mild,Moist,Pale,Normal,Infection,Bacterial/Viral Infection
55,36.2,40,7,0.1,70,Normal,Low (Lethargic),Mild,Moist,Pink,Stiff,Arthritis,Joint Inflammation
56,37.9,48,14,-4.4,66,Constipated,Low (Lethargic),None,Dry,Dry/Tacky,Stiff,Dehydration,Severe Dehydration
55,35.6,48,16,-0.5,17,Constipated,High,Mild,Moist,Pink,Normal,Indigestion,Colic / Digestion Issue
7,36.6,49,19,-1.5,14,Constipated,High,Mild,Dry,Pink,Normal,Indigestion,Colic / Digestion Issue
26,38.1,40,18,-2.5,34,Normal,Low (Lethargic),Mild,Dry,Pale,Normal,Infection,Bacterial/Viral Infection
45,35.8,34,7,-0.3,93,Normal,High,None,Moist,Pink,Normal,Healthy,No_Diagnosis
31,36.6,26,9,-0.3,88,Normal,High,None,Moist,Pink,Normal,Healthy,No_Diagnosis
27,36.6,30,6,1.0,94,Normal,High,None,Moist,Pink,Normal,Healthy,No_Diagnosis
47,36.7,29,12,-1.4,82,Normal,Moderate,Severe,Moist,Pink,Stiff,Arthritis,Joint Inflammation
52,36.4,27,13,-0.4,80,Normal,Moderate,Mild,Moist,Pink,Stiff,Arthritis,Joint Inflammation
21,36.4,29,7,-0.3,86,Normal,Moderate,None,Moist,Pink,Normal,Healthy,No_Diagnosis
44,36.7,29,5,-0.1,95,Normal,High,None,Moist,Pink,Normal,Healthy,No_Diagnosis
32,36.3,32,7,0.1,85,Normal,High,None,Moist,Pink,Normal,Healthy,No_Diagnosis
53,36.7,33,6,0.9,99,Normal,High,None,Moist,Pink,Normal,Healthy,No_Diagnosis
59,36.7,57,18,-2.7,56,Constipated,Low (Lethargic),None,Dry,Dry/Tacky,Stiff,Dehydration,Severe Dehydration
51,35.8,38,18,-1.1,10,Constipated,Low (Lethargic),Mild,Dry,Pale,Normal,Indigestion,Colic / Digestion Issue
51,36.5,25,5,-0.3,98,Normal,Moderate,None,Moist,Pink,Normal,Healthy,No_Diagnosis
38,38.5,40,14,-4.0,68,Constipated,Low (Lethargic),None,Dry,Dry/Tacky,Stiff,Dehydration,Severe Dehydration
51,36.8,32,6,0.6,87,Normal,High,None,Moist,Pink,Normal,Healthy,No_Diagnosis
33,36.7,29,9,-1.0,99,Normal,Moderate,None,Moist,Pink,Normal,Healthy,No_Diagnosis
39,36.4,25,7,0.2,89,Normal,High,None,Moist,Pink,Normal,Healthy,No_Diagnosis
2,37.1,32,13,-1.8,36,Constipated,Low (Lethargic),None,Moist,Pale,Normal,Indigestion,Colic / Digestion Issue
32,36.1,26,6,0.8,94,Normal,Moderate,None,Moist,Pink,Normal,Healthy,No_Diagnosis
38,37.7,58,17,-4.6,65,Normal,Low (Lethargic),None,Dry,Dry/Tacky,Normal,Dehydration,Severe Dehydration
38,35.9,33,12,0.2,85,Normal,High,None,Moist,Pink,Normal,Healthy,No_Diagnosis
30,36.0,28,5,-0.2,99,Normal,Moderate,None,Moist,Pink,Normal,Healthy,No_Diagnosis
52,35.9,36,6,-1.3,80,Normal,Moderate,Severe,Moist,Pink,Stiff,Arthritis,Joint Inflammation
46,36.8,32,8,-0.5,88,Normal,High,None,Moist,Pink,Normal,Healthy,No_Diagnosis
51,36.5,48,9,-0.4,44,Loose,Low (Lethargic),Mild,Moist,Pink,Normal,Indigestion,Colic / Digestion Issue
22,37.3,55,23,-2.4,47,Normal,Low (Lethargic),None,Dry,Dry/Tacky,Stiff,Dehydration,Severe Dehydration
41,35.9,35,11,0.7,86,Normal,High,None,Moist,Pink,Normal,Healthy,No_Diagnosis
45,36.0,27,6,-1.4,88,Normal,Moderate,Mild,Moist,Pink,Lameness,Arthritis,Joint Inflammation
47,38.9,59,27,-2.2,36,Loose,Low (Lethargic),Mild,Moist,Pink,Stiff,Infection,Bacterial/Viral Infection
16,36.4,28,7,-0.1,90,Normal,High,None,Moist,Pink,Normal,Healthy,No_Diagnosis
12,38.2,48,23,-3.1,58,Normal,Low (Lethargic),None,Dry,Dry/Tacky,Stiff,Dehydration,Severe Dehydration
48,36.3,27,12,0.8,92,Normal,Moderate,None,Moist,Pink,Normal,Healthy,No_Diagnosis
49,36.4,26,11,0.8,98,Normal,High,None,Moist,Pink,Normal,Healthy,No_Diagnosis
38,35.5,39,7,-1.4,83,Normal,Low (Lethargic),Mild,Moist,Pink,Lameness,Arthritis,Joint Inflammation
2,35.9,43,10,-1.6,20,Constipated,Moderate,Mild,Moist,Pink,Normal,Indigestion,Colic / Digestion Issue
40,39.4,36,19,-2.9,56,Loose,Low (Lethargic),Mild,Dry,Dry/Tacky,Normal,Infection,Bacterial/Viral Infection
27,36.9,38,15,-2.2,31,Loose,Low (Lethargic),Mild,Moist,Pale,Normal,Indigestion,Colic / Digestion Issue
60,36.3,32,10,-0.1,100,Normal,Moderate,None,Moist,Pink,Normal,Healthy,No_Diagnosis
4,36.4,28,9,-0.5,91,Normal,High,None,Moist,Pink,Normal,Healthy,No_Diagnosis
42,36.4,46,17,-2.2,38,Loose,Moderate,None,Dry,Pink,Normal,Indigestion,Colic / Digestion Issue
44,37.6,40,25,-3.7,53,Normal,Low (Lethargic),None,Dry,Dry/Tacky,Stiff,Dehydration,Severe Dehydration
42,36.3,30,5,0.5,87,Normal,Moderate,None,Moist,Pink,Normal,Healthy,No_Diagnosis
17,38.0,49,21,-2.1,57,Constipated,Low (Lethargic),None,Dry,Dry/Tacky,Stiff,Dehydration,Severe Dehydration
25,36.7,29,11,-0.7,99,Normal,High,None,Moist,Pink,Normal,Healthy,No_Diagnosis
8,36.7,53,17,-3.9,53,Constipated,Low (Lethargic),None,Dry,Dry/Tacky,Normal,Dehydration,Severe Dehydration
1,36.7,25,10,0.9,93,Normal,Moderate,None,Moist,Pink,Normal,Healthy,No_Diagnosis
47,36.2,33,6,-0.1,98,Normal,High,None,Moist,Pink,Normal,Healthy,No_Diagnosis
20,37.2,57,17,-4.4,58,Constipated,Low (Lethargic),None,Dry,Dry/Tacky,Normal,Dehydration,Severe Dehydration
9,36.7,28,10,0.8,97,Normal,High,None,Moist,Pink,Normal,Healthy,No_Diagnosis
60,35.8,31,7,-2.0,80,Normal,Low (Lethargic),Mild,Moist,Pink,Lameness,Arthritis,Joint Inflammation
52,36.0,26,7,-0.2,89,Normal,Moderate,None,Moist,Pink,Normal,Healthy,No_Diagnosis
57,36.8,27,8,-0.7,95,Normal,Moderate,None,Moist,Pink,Normal,Healthy,No_Diagnosis
41,36.3,40,11,-0.6,86,Normal,Moderate,Mild,Moist,Pink,Lameness,Arthritis,Joint Inflammation
12,38.1,43,23,-3.4,47,Normal,Low (Lethargic),None,Dry,Dry/Tacky,Stiff,Dehydration,Severe Dehydration
42,38.3,55,30,-2.0,31,Normal,Low (Lethargic),None,Moist,Pale,Normal,Infection,Bacterial/Viral Infection
48,36.0,31,8,0.2,91,Normal,Moderate,Severe,Moist,Pink,Lameness,Arthritis,Joint Inflammation
11,36.5,32,12,0.0,96,Normal,High,None,Moist,Pink,Normal,Healthy,No_Diagnosis
34,35.8,35,6,-0.3,86,Normal,High,None,Moist,Pink,Normal,Healthy,No_Diagnosis
32,36.0,32,5,0.1,92,Normal,Moderate,None,Moist,Pink,Normal,Healthy,No_Diagnosis
12,35.9,26,7,-0.1,100,Normal,High,None,Moist,Pink,Normal,Healthy,No_Diagnosis
20,36.3,27,11,-0.8,86,Normal,Moderate,None,Moist,Pink,Normal,Healthy,No_Diagnosis
26,37.0,40,17,-0.7,29,Loose,Moderate,Mild,Moist,Pale,Normal,Indigestion,Colic / Digestion Issue
13,40.2,56,16,-2.0,43,Loose,Low (Lethargic),Mild,Moist,Pink,Stiff,Infection,Bacterial/Viral Infection
21,36.4,34,6,0.5,86,Normal,High,None,Moist,Pink,Normal,Healthy,No_Diagnosis
48,36.1,30,5,-0.3,85,Normal,Moderate,None,Moist,Pink,Normal,Healthy,No_Diagnosis
59,36.6,26,9,-0.9,96,Normal,Moderate,None,Moist,Pink,Normal,Healthy,No_Diagnosis
53,36.6,46,24,-4.4,69,Constipated,Low (Lethargic),None,Dry,Dry/Tacky,Normal,Dehydration,Severe Dehydration
3,40.4,60,15,-1.6,57,Loose,Low (Lethargic),None,Dry,Dry/Tacky,Stiff,Infection,Bacterial/Viral Infection
33,39.3,54,16,-3.0,37,Loose,Low (Lethargic),None,Moist,Pink,Normal,Infection,Bacterial/Viral Infection
6,36.9,54,23,-4.3,65,Constipated,Low (Lethargic),None,Dry,Dry/Tacky,Stiff,Dehydration,Severe Dehydration
57,36.1,29,8,-1.6,92,Normal,Moderate,Mild,Moist,Pink,Lameness,Arthritis,Joint Inflammation
13,37.2,47,21,-4.2,58,Constipated,Low (Lethargic),None,Dry,Dry/Tacky,Normal,Dehydration,Severe Dehydration
46,35.7,43,12,-1.0,14,Loose,High,None,Moist,Pink,Normal,Indigestion,Colic / Digestion Issue
54,37.0,44,17,-0.1,20,Loose,Low (Lethargic),Mild,Moist,Pale,Normal,Indigestion,Colic / Digestion Issue
42,36.2,25,11,-0.6,100,Normal,High,None,Moist,Pink,Normal,Healthy,No_Diagnosis
20,35.7,41,20,-1.5,42,Loose,Moderate,None,Dry,Pale,Normal,Indigestion,Colic / Digestion Issue
17,35.9,31,8,-0.5,91,Normal,High,None,Moist,Pink,Normal,Healthy,No_Diagnosis
25,40.2,54,18,-2.6,50,Loose,Low (Lethargic),None,Moist,Dry/Tacky,Normal,Infection,Bacterial/Viral Infection
17,36.6,34,8,0.6,100,Normal,Moderate,None,Moist,Pink,Normal,Healthy,No_Diagnosis
11,39.5,60,19,-2.6,53,Normal,Low (Lethargic),Mild,Moist,Pink,Normal,Infection,Bacterial/Viral Infection
34,38.0,54,12,-3.5,46,Normal,Low (Lethargic),None,Dry,Dry/Tacky,Normal,Dehydration,Severe Dehydration
3,37.1,50,13,-2.6,53,Normal,Low (Lethargic),None,Dry,Dry/Tacky,Stiff,Dehydration,Severe Dehydration
28,39.0,59,28,-2.0,42,Loose,Low (Lethargic),None,Moist,Pale,Normal,Infection,Bacterial/Viral Infection
35,37.8,53,20,-4.9,59,Normal,Low (Lethargic),None,Dry,Dry/Tacky,Stiff,Dehydration,Severe Dehydration
57,36.1,28,5,0.4,94,Normal,Moderate,None,Moist,Pink,Normal,Healthy,No_Diagnosis
52,36.0,37,9,0.1,90,Normal,Moderate,Mild,Moist,Pink,Lameness,Arthritis,Joint Inflammation
51,38.4,58,19,-2.3,34,Loose,Low (Lethargic),None,Moist,Dry/Tacky,Stiff,Infection,Bacterial/Viral Infection
54,36.4,36,6,-1.6,89,Normal,Low (Lethargic),Severe,Moist,Pink,Stiff,Arthritis,Joint Inflammation
43,38.1,41,30,-2.9,35,Normal,Low (Lethargic),None,Moist,Dry/Tacky,Normal,Infection,Bacterial/Viral Infection
48,38.7,35,19,-2.4,32,Normal,Low (Lethargic),Mild,Moist,Pink,Normal,Infection,Bacterial/Viral Infection
9,39.0,40,26,-1.1,33,Normal,Low (Lethargic),None,Moist,Pale,Normal,Infection,Bacterial/Viral Infection
29,37.5,51,14,-4.9,41,Normal,Low (Lethargic),None,Dry,Dry/Tacky,Stiff,Dehydration,Severe Dehydration
10,37.6,44,24,-3.5,46,Normal,Low (Lethargic),None,Dry,Dry/Tacky,Normal,Dehydration,Severe Dehydration
29,39.5,36,27,-2.6,54,Loose,Low (Lethargic),Mild,Dry,Dry/Tacky,Normal,Infection,Bacterial/Viral Infection
44,35.9,31,10,0.1,85,Normal,Moderate,None,Moist,Pink,Normal,Healthy,No_Diagnosis
3,36.6,32,10,-0.4,96,Normal,High,None,Moist,Pink,Normal,Healthy,No_Diagnosis
19,36.7,53,13,-2.4,45,Normal,Low (Lethargic),None,Dry,Dry/Tacky,Normal,Dehydration,Severe Dehydration
17,38.6,36,24,-2.1,53,Normal,Low (Lethargic),None,Moist,Pink,Stiff,Infection,Bacterial/Viral Infection
19,37.7,51,19,-4.1,51,Constipated,Low (Lethargic),None,Dry,Dry/Tacky,Stiff,Dehydration,Severe Dehydration
5,36.5,59,15,-4.6,55,Constipated,Low (Lethargic),None,Dry,Dry/Tacky,Normal,Dehydration,Severe Dehydration
25,36.8,50,12,-2.3,40,Normal,Low (Lethargic),None,Dry,Dry/Tacky,Stiff,Dehydration,Severe Dehydration
59,36.1,35,14,-0.6,48,Loose,Low (Lethargic),None,Moist,Pale,Normal,Indigestion,Colic / Digestion Issue
38,40.2,44,27,-1.9,58,Normal,Low (Lethargic),None,Dry,Pale,Stiff,Infection,Bacterial/Viral Infection
46,36.0,34,9,0.9,88,Normal,Moderate,None,Moist,Pink,Normal,Healthy,No_Diagnosis
21,36.0,29,11,0.3,88,Normal,Moderate,None,Moist,Pink,Normal,Healthy,No_Diagnosis
44,37.0,35,11,-1.8,86,Normal,Low (Lethargic),Severe,Moist,Pink,Stiff,Arthritis,Joint Inflammation
39,36.0,25,12,0.2,92,Normal,Moderate,None,Moist,Pink,Normal,Healthy,No_Diagnosis
11,35.8,30,9,0.4,88,Normal,Moderate,None,Moist,Pink,Normal,Healthy,No_Diagnosis
34,36.5,32,8,-0.8,99,Normal,Moderate,None,Moist,Pink,Normal,Healthy,No_Diagnosis
49,36.1,36,20,-0.4,22,Constipated,Moderate,Mild,Moist,Pale,Normal,Indigestion,Colic / Digestion Issue
16,36.3,28,10,0.4,93,Normal,High,None,Moist,Pink,Normal,Healthy,No_Diagnosis
3,36.4,44,11,-1.3,25,Loose,Moderate,None,Dry,Pale,Normal,Indigestion,Colic / Digestion Issue
18,36.3,27,11,-0.6,90,Normal,Moderate,None,Moist,Pink,Normal,Healthy,No_Diagnosis
18,36.3,25,7,0.3,85,Normal,High,None,Moist,Pink,Normal,Healthy,No_Diagnosis
15,37.6,40,16,-2.2,70,Normal,Low (Lethargic),None,Dry,Dry/Tacky,Normal,Dehydration,Severe Dehydration
54,36.5,25,12,-1.0,96,Normal,High,None,Moist,Pink,Normal,Healthy,No_Diagnosis
13,36.6,26,6,0.0,93,Normal,High,None,Moist,Pink,Normal,Healthy,No_Diagnosis
59,35.6,37,7,-0.4,86,Normal,Moderate,Severe,Moist,Pink,Lameness,Arthritis,Joint Inflammation
18,36.8,42,24,-3.6,64,Normal,Low (Lethargic),None,Dry,Dry/Tacky,Normal,Dehydration,Severe Dehydration
3,39.4,46,24,-2.4,39,Normal,Low (Lethargic),Mild,Moist,Pale,Normal,Infection,Bacterial/Viral Infection
60,36.1,26,11,-0.1,94,Normal,Low (Lethargic),Severe,Moist,Pink,Lameness,Arthritis,Joint Inflammation
14,39.4,58,17,-1.0,43,Normal,Low (Lethargic),None,Dry,Pink,Stiff,Infection,Bacterial/Viral Infection
17,36.3,30,7,-0.3,87,Normal,High,None,Moist,Pink,Normal,Healthy,No_Diagnosis
60,36.0,47,10,-1.8,10,Constipated,Moderate,Mild,Dry,Pale,Normal,Indigestion,Colic / Digestion Issue
14,36.4,45,18,-1.0,49,Constipated,Moderate,None,Dry,Pale,Normal,Indigestion,Colic / Digestion Issue
34,36.6,28,5,-0.5,100,Normal,Moderate,None,Moist,Pink,Normal,Healthy,No_Diagnosis
13,39.2,47,26,-2.7,56,Loose,Low (Lethargic),None,Moist,Pink,Normal,Infection,Bacterial/Viral Infection
59,36.6,38,14,-0.3,83,Normal,Moderate,Severe,Moist,Pink,Stiff,Arthritis,Joint Inflammation
39,37.2,59,22,-3.5,49,Normal,Low (Lethargic),None,Dry,Dry/Tacky,Stiff,Dehydration,Severe Dehydration
22,39.9,59,29,-1.4,42,Normal,Low (Lethargic),None,Moist,Pink,Normal,Infection,Bacterial/Viral Infection
27,36.2,28,9,-0.6,95,Normal,Moderate,None,Moist,Pink,Normal,Healthy,No_Diagnosis
5,36.6,30,9,-0.5,86,Normal,Moderate,None,Moist,Pink,Normal,Healthy,No_Diagnosis
60,36.6,32,6,-0.7,88,Normal,Moderate,None,Moist,Pink,Normal,Healthy,No_Diagnosis
12,37.5,34,20,-2.6,42,Loose,Moderate,None,Moist,Pink,Normal,Indigestion,Colic / Digestion Issue
49,35.7,46,10,-2.5,40,Constipated,Moderate,Mild,Dry,Pink,Normal,Indigestion,Colic / Digestion Issue
15,37.8,57,12,-3.9,58,Constipated,Low (Lethargic),None,Dry,Dry/Tacky,Stiff,Dehydration,Severe Dehydration
52,36.2,32,6,0.4,86,Normal,Moderate,None,Moist,Pink,Normal,Healthy,No_Diagnosis
46,36.0,32,11,-0.4,85,Normal,High,None,Moist,Pink,Normal,Healthy,No_Diagnosis
45,36.0,32,11,-0.9,92,Normal,High,None,Moist,Pink,Normal,Healthy,No_Diagnosis
30,36.1,31,11,0.1,89,Normal,High,None,Moist,Pink,Normal,Healthy,No_Diagnosis
38,36.3,33,12,0.2,87,Normal,High,None,Moist,Pink,Normal,Healthy,No_Diagnosis
15,36.5,25,6,-0.8,91,Normal,High,None,Moist,Pink,Normal,Healthy,No_Diagnosis
26,36.9,39,14,-2.9,25,Constipated,Moderate,Mild,Moist,Pale,Normal,Indigestion,Colic / Digestion Issue
21,40.2,45,23,-2.2,42,Normal,Low (Lethargic),Mild,Dry,Pale,Normal,Infection,Bacterial/Viral Infection
55,39.0,43,16,-2.9,37,Loose,Low (Lethargic),Mild,Dry,Pink,Normal,Infection,Bacterial/Viral Infection
7,39.8,38,28,-2.5,44,Normal,Low (Lethargic),None,Dry,Dry/Tacky,Stiff,Infection,Bacterial/Viral Infection
9,36.0,33,5,0.8,86,Normal,Moderate,None,Moist,Pink,Normal,Healthy,No_Diagnosis
51,36.8,30,6,0.0,79,Normal,Moderate,Severe,Moist,Pink,Stiff,Arthritis,Joint Inflammation
2,36.4,44,20,-2.0,30,Loose,Moderate,Mild,Dry,Pink,Normal,Indigestion,Colic / Digestion Issue
2,36.6,29,10,-0.3,91,Normal,Moderate,None,Moist,Pink,Normal,Healthy,No_Diagnosis
41,36.8,29,8,-0.6,93,Normal,Moderate,None,Moist,Pink,Normal,Healthy,No_Diagnosis
35,38.8,56,21,-1.2,49,Loose,Low (Lethargic),Mild,Moist,Dry/Tacky,Normal,Infection,Bacterial/Viral Infection
15,36.4,29,9,-0.6,97,Normal,High,None,Moist,Pink,Normal,Healthy,No_Diagnosis
27,35.8,32,11,-0.4,97,Normal,Moderate,None,Moist,Pink,Normal,Healthy,No_Diagnosis
13,38.3,55,14,-3.6,46,Normal,Low (Lethargic),None,Dry,Dry/Tacky,Normal,Dehydration,Severe Dehydration
37,40.5,50,25,-2.9,45,Normal,Low (Lethargic),None,Dry,Pale,Stiff,Infection,Bacterial/Viral Infection
20,37.7,53,16,-4.8,59,Normal,Low (Lethargic),None,Dry,Dry/Tacky,Normal,Dehydration,Severe Dehydration
41,38.9,50,15,-1.4,58,Normal,Low (Lethargic),None,Dry,Dry/Tacky,Stiff,Infection,Bacterial/Viral Infection
20,36.1,26,5,-0.7,90,Normal,High,None,Moist,Pink,Normal,Healthy,No_Diagnosis
21,37.2,41,16,-2.9,49,Constipated,Low (Lethargic),None,Dry,Dry/Tacky,Stiff,Dehydration,Severe Dehydration
52,36.3,28,10,0.4,91,Normal,High,None,Moist,Pink,Normal,Healthy,No_Diagnosis
3,37.9,50,18,-2.9,46,Normal,Low (Lethargic),None,Dry,Dry/Tacky,Normal,Dehydration,Severe Dehydration
2,36.1,26,7,-0.2,96,Normal,Moderate,None,Moist,Pink,Normal,Healthy,No_Diagnosis
24,38.4,50,19,-2.3,50,Normal,Low (Lethargic),None,Moist,Dry/Tacky,Stiff,Infection,Bacterial/Viral Infection
32,39.7,41,16,-2.7,52,Loose,Low (Lethargic),Mild,Moist,Dry/Tacky,Stiff,Infection,Bacterial/Viral Infection
58,36.2,29,7,0.9,92,Normal,Moderate,None,Moist,Pink,Normal,Healthy,No_Diagnosis
25,36.2,35,5,0.8,91,Normal,Moderate,None,Moist,Pink,Normal,Healthy,No_Diagnosis
42,36.5,32,8,0.8,89,Normal,High,None,Moist,Pink,Normal,Healthy,No_Diagnosis
28,36.5,35,11,0.2,93,Normal,High,None,Moist,Pink,Normal,Healthy,No_Diagnosis
34,36.5,29,7,-0.8,94,Normal,High,None,Moist,Pink,Normal,Healthy,No_Diagnosis
13,36.1,31,10,0.7,89,Normal,High,None,Moist,Pink,Normal,Healthy,No_Diagnosis
57,37.2,47,20,-2.4,56,Constipated,Low (Lethargic),None,Dry,Dry/Tacky,Normal,Dehydration,Severe Dehydration
16,36.5,29,11,-0.2,98,Normal,Moderate,None,Moist,Pink,Normal,Healthy,No_Diagnosis
49,36.7,27,12,-0.1,99,Normal,Moderate,None,Moist,Pink,Normal,Healthy,No_Diagnosis
12,36.5,33,12,-0.0,92,Normal,Moderate,None,Moist,Pink,Normal,Healthy,No_Diagnosis
22,39.6,51,22,-1.2,47,Loose,Low (Lethargic),Mild,Moist,Pink,Normal,Infection,Bacterial/Viral Infection
6,36.0,35,8,0.5,87,Normal,Moderate,None,Moist,Pink,Normal,Healthy,No_Diagnosis
44,35.6,40,13,-0.7,77,Normal,Moderate,Severe,Moist,Pink,Lameness,Arthritis,Joint Inflammation
48,39.1,54,30,-3.0,46,Loose,Low (Lethargic),Mild,Moist,Pale,Normal,Infection,Bacterial/Viral Infection
56,36.6,33,10,1.0,100,Normal,High,None,Moist,Pink,Normal,Healthy,No_Diagnosis
28,38.5,47,19,-1.8,30,Loose,Low (Lethargic),Mild,Dry,Pink,Stiff,Infection,Bacterial/Viral Infection
55,36.8,29,10,0.1,87,Normal,High,None,Moist,Pink,Normal,Healthy,No_Diagnosis
46,38.8,55,17,-1.6,51,Loose,Low (Lethargic),Mild,Moist,Dry/Tacky,Normal,Infection,Bacterial/Viral Infection
33,37.8,40,16,-3.4,53,Normal,Low (Lethargic),None,Dry,Dry/Tacky,Stiff,Dehydration,Severe Dehydration
58,35.7,36,9,-1.4,78,Normal,Low (Lethargic),Mild,Moist,Pink,Lameness,Arthritis,Joint Inflammation
10,37.9,41,22,-2.3,68,Normal,Low (Lethargic),None,Dry,Dry/Tacky,Stiff,Dehydration,Severe Dehydration
42,36.2,31,7,-0.2,73,Normal,Low (Lethargic),Mild,Moist,Pink,Stiff,Arthritis,Joint Inflammation
38,36.4,32,6,-0.6,87,Normal,Moderate,None,Moist,Pink,Normal,Healthy,No_Diagnosis
44,36.8,32,9,1.0,90,Normal,High,None,Moist,Pink,Normal,Healthy,No_Diagnosis
27,36.4,33,9,0.3,88,Normal,High,None,Moist,Pink,Normal,Healthy,No_Diagnosis
2,36.2,33,12,-0.7,94,Normal,High,None,Moist,Pink,Normal,Healthy,No_Diagnosis
30,36.7,30,7,0.1,88,Normal,High,None,Moist,Pink,Normal,Healthy,No_Diagnosis
26,36.2,29,8,0.3,97,Normal,High,None,Moist,Pink,Normal,Healthy,No_Diagnosis
56,36.1,33,7,-1.8,93,Normal,Low (Lethargic),Mild,Moist,Pink,Stiff,Arthritis,Joint Inflammation
4,36.5,26,6,0.3,96,Normal,High,None,Moist,Pink,Normal,Healthy,No_Diagnosis
8,37.1,51,23,-3.1,56,Normal,Low (Lethargic),None,Dry,Dry/Tacky,Stiff,Dehydration,Severe Dehydration
10,36.2,29,12,0.1,97,Normal,Moderate,None,Moist,Pink,Normal,Healthy,No_Diagnosis
11,38.4,60,22,-3.0,43,Normal,Low (Lethargic),None,Dry,Dry/Tacky,Stiff,Dehydration,Severe Dehydration
7,36.1,27,7,-0.9,98,Normal,Moderate,None,Moist,Pink,Normal,Healthy,No_Diagnosis
33,36.2,30,18,-0.1,30,Loose,Low (Lethargic),None,Dry,Pale,Normal,Indigestion,Colic / Digestion Issue
30,38.1,56,14,-3.4,46,Normal,Low (Lethargic),None,Dry,Dry/Tacky,Stiff,Dehydration,Severe Dehydration
59,36.3,28,10,0.2,93,Normal,Low (Lethargic),Severe,Moist,Pink,Stiff,Arthritis,Joint Inflammation
24,35.9,33,11,-0.9,88,Normal,Moderate,None,Moist,Pink,Normal,Healthy,No_Diagnosis
31,38.5,55,18,-2.0,38,Loose,Low (Lethargic),None,Moist,Pink,Normal,Infection,Bacterial/Viral Infection
6,38.4,55,19,-1.5,48,Normal,Low (Lethargic),Mild,Dry,Pink,Normal,Infection,Bacterial/Viral Infection
48,36.7,25,10,-0.1,99,Normal,Moderate,None,Moist,Pink,Normal,Healthy,No_Diagnosis
51,36.5,37,20,-1.9,17,Constipated,Low (Lethargic),None,Moist,Pale,Normal,Indigestion,Colic / Digestion Issue
9,36.8,41,16,-0.6,32,Constipated,Low (Lethargic),Mild,Moist,Pale,Normal,Indigestion,Colic / Digestion Issue
44,36.0,26,11,0.8,89,Normal,Moderate,None,Moist,Pink,Normal,Healthy,No_Diagnosis
56,35.6,40,14,-1.7,88,Normal,Low (Lethargic),Mild,Moist,Pink,Stiff,Arthritis,Joint Inflammation
26,39.6,47,24,-2.0,54,Normal,Low (Lethargic),None,Moist,Pink,Stiff,Infection,Bacterial/Viral Infection
5,36.5,27,12,-0.3,95,Normal,Moderate,None,Moist,Pink,Normal,Healthy,No_Diagnosis
14,37.4,54,15,-3.6,56,Constipated,Low (Lethargic),None,Dry,Dry/Tacky,Stiff,Dehydration,Severe Dehydration
13,39.8,39,29,-1.1,55,Normal,Low (Lethargic),Mild,Dry,Pale,Stiff,Infection,Bacterial/Viral Infection
24,38.3,53,25,-2.6,59,Constipated,Low (Lethargic),None,Dry,Dry/Tacky,Stiff,Dehydration,Severe Dehydration
3,38.7,42,27,-2.4,58,Normal,Low (Lethargic),Mild,Dry,Dry/Tacky,Stiff,Infection,Bacterial/Viral Infection
12,36.1,45,14,-2.6,30,Constipated,High,Mild,Moist,Pink,Normal,Indigestion,Colic / Digestion Issue
5,36.3,29,10,1.0,87,Normal,High,None,Moist,Pink,Normal,Healthy,No_Diagnosis
26,36.1,26,6,0.3,86,Normal,High,None,Moist,Pink,Normal,Healthy,No_Diagnosis
16,37.8,48,13,-3.5,51,Normal,Low (Lethargic),None,Dry,Dry/Tacky,Stiff,Dehydration,Severe Dehydration
5,38.2,46,27,-1.3,42,Loose,Low (Lethargic),Mild,Dry,Pale,Normal,Infection,Bacterial/Viral Infection
54,37.0,47,19,-4.9,44,Normal,Low (Lethargic),None,Dry,Dry/Tacky,Normal,Dehydration,Severe Dehydration
33,37.0,55,24,-2.7,54,Constipated,Low (Lethargic),None,Dry,Dry/Tacky,Normal,Dehydration,Severe Dehydration
37,36.5,31,14,-1.2,87,Normal,Moderate,Mild,Moist,Pink,Stiff,Arthritis,Joint Inflammation
38,36.3,42,14,-0.2,41,Constipated,Low (Lethargic),None,Moist,Pale,Normal,Indigestion,Colic / Digestion Issue
54,36.1,33,9,-0.3,23,Constipated,High,None,Moist,Pink,Normal,Indigestion,Colic / Digestion Issue
56,36.1,33,10,0.2,96,Normal,High,None,Moist,Pink,Normal,Healthy,No_Diagnosis
45,36.7,32,10,0.8,88,Normal,Moderate,None,Moist,Pink,Normal,Healthy,No_Diagnosis
54,36.1,34,11,0.2,93,Normal,High,None,Moist,Pink,Normal,Healthy,No_Diagnosis
52,36.0,32,9,-0.1,97,Normal,High,None,Moist,Pink,Normal,Healthy,No_Diagnosis
60,36.0,29,12,-0.7,97,Normal,High,None,Moist,Pink,Normal,Healthy,No_Diagnosis
17,36.4,35,8,-0.1,92,Normal,High,None,Moist,Pink,Normal,Healthy,No_Diagnosis
60,35.8,32,8,0.5,99,Normal,High,None,Moist,Pink,Normal,Healthy,No_Diagnosis
3,36.1,27,11,0.6,93,Normal,High,None,Moist,Pink,Normal,Healthy,No_Diagnosis
21,36.8,29,5,0.8,92,Normal,Moderate,None,Moist,Pink,Normal,Healthy,No_Diagnosis
50,36.8,27,9,-0.9,100,Normal,High,None,Moist,Pink,Normal,Healthy,No_Diagnosis
34,35.9,27,8,-0.9,100,Normal,High,None,Moist,Pink,Normal,Healthy,No_Diagnosis
39,35.8,27,6,-0.5,90,Normal,High,None,Moist,Pink,Normal,Healthy,No_Diagnosis
49,37.8,45,12,-2.1,70,Normal,Low (Lethargic),None,Dry,Dry/Tacky,Normal,Dehydration,Severe Dehydration
49,36.6,28,12,-0.6,80,Normal,Low (Lethargic),Mild,Moist,Pink,Stiff,Arthritis,Joint Inflammation
27,37.4,49,17,-0.4,27,Constipated,High,Mild,Dry,Pink,Normal,Indigestion,Colic / Digestion Issue
45,36.5,27,5,-0.9,89,Normal,High,None,Moist,Pink,Normal,Healthy,No_Diagnosis
8,36.3,32,6,-0.1,92,Normal,Moderate,None,Moist,Pink,Normal,Healthy,No_Diagnosis
4,36.1,28,12,0.5,95,Normal,Moderate,None,Moist,Pink,Normal,Healthy,No_Diagnosis
34,36.2,27,5,1.0,98,Normal,High,None,Moist,Pink,Normal,Healthy,No_Diagnosis
60,36.5,30,11,-1.7,88,Normal,Moderate,Mild,Moist,Pink,Stiff,Arthritis,Joint Inflammation
55,37.3,31,14,-2.3,22,Loose,High,Mild,Moist,Pale,Normal,Indigestion,Colic / Digestion Issue
5,36.4,31,12,-0.7,96,Normal,Moderate,None,Moist,Pink,Normal,Healthy,No_Diagnosis
19,37.1,49,19,-5.0,69,Constipated,Low (Lethargic),None,Dry,Dry/Tacky,Stiff,Dehydration,Severe Dehydration
14,39.6,52,20,-2.8,33,Loose,Low (Lethargic),Mild,Dry,Pale,Stiff,Infection,Bacterial/Viral Infection
57,38.8,50,26,-1.2,43,Loose,Low (Lethargic),None,Dry,Pink,Stiff,Infection,Bacterial/Viral Infection
31,35.8,28,12,0.5,87,Normal,High,None,Moist,Pink,Normal,Healthy,No_Diagnosis
37,36.3,28,11,-1.3,73,Normal,Moderate,Mild,Moist,Pink,Stiff,Arthritis,Joint Inflammation
45,36.7,36,10,-1.7,71,Normal,Low (Lethargic),Severe,Moist,Pink,Lameness,Arthritis,Joint Inflammation
18,39.7,57,18,-1.1,45,Normal,Low (Lethargic),Mild,Moist,Pale,Normal,Infection,Bacterial/Viral Infection
29,36.4,34,10,0.5,97,Normal,Moderate,None,Moist,Pink,Normal,Healthy,No_Diagnosis
40,36.2,32,11,0.7,96,Normal,High,None,Moist,Pink,Normal,Healthy,No_Diagnosis
18,36.2,25,7,0.1,95,Normal,High,None,Moist,Pink,Normal,Healthy,No_Diagnosis
42,36.6,34,12,0.5,86,Normal,High,None,Moist,Pink,Normal,Healthy,No_Diagnosis
52,40.0,46,20,-1.7,37,Normal,Low (Lethargic),Mild,Dry,Dry/Tacky,Stiff,Infection,Bacterial/Viral Infection
30,35.9,27,10,0.7,90,Normal,Moderate,None,Moist,Pink,Normal,Healthy,No_Diagnosis
31,38.5,56,28,-2.1,52,Normal,Low (Lethargic),Mild,Dry,Dry/Tacky,Stiff,Infection,Bacterial/Viral Infection
27,35.9,29,5,0.2,92,Normal,Moderate,None,Moist,Pink,Normal,Healthy,No_Diagnosis
13,38.2,45,24,-1.9,48,Normal,Low (Lethargic),None,Dry,Dry/Tacky,Stiff,Infection,Bacterial/Viral Infection
30,36.7,34,9,1.0,94,Normal,High,None,Moist,Pink,Normal,Healthy,No_Diagnosis
48,36.1,25,14,-1.0,72,Normal,Low (Lethargic),Mild,Moist,Pink,Stiff,Arthritis,Joint Inflammation
14,36.7,26,7,0.9,96,Normal,High,None,Moist,Pink,Normal,Healthy,No_Diagnosis
10,36.0,33,8,0.4,92,Normal,High,None,Moist,Pink,Normal,Healthy,No_Diagnosis
57,36.1,35,7,-1.8,91,Normal,Low (Lethargic),Severe,Moist,Pink,Lameness,Arthritis,Joint Inflammation
16,38.2,40,18,-2.6,54,Loose,Low (Lethargic),None,Dry,Pink,Stiff,Infection,Bacterial/Viral Infection
24,36.6,35,6,-0.9,99,Normal,Moderate,None,Moist,Pink,Normal,Healthy,No_Diagnosis
19,38.4,46,20,-1.8,44,Normal,Low (Lethargic),Mild,Moist,Pale,Stiff,Infection,Bacterial/Viral Infection
6,36.7,34,8,-0.4,29,Constipated,Moderate,Mild,Moist,Pale,Normal,Indigestion,Colic / Digestion Issue
40,36.4,33,12,-0.4,90,Normal,High,None,Moist,Pink,Normal,Healthy,No_Diagnosis
13,39.7,53,30,-1.4,57,Normal,Low (Lethargic),Mild,Moist,Pale,Normal,Infection,Bacterial/Viral Infection
41,36.9,39,10,0.4,89,Normal,Low (Lethargic),Mild,Moist,Pink,Stiff,Arthritis,Joint Inflammation
40,35.7,30,9,0.1,82,Normal,Low (Lethargic),Severe,Moist,Pink,Stiff,Arthritis,Joint Inflammation
51,36.1,30,11,0.5,98,Normal,Moderate,None,Moist,Pink,Normal,Healthy,No_Diagnosis
49,36.7,25,10,-0.1,96,Normal,High,None,Moist,Pink,Normal,Healthy,No_Diagnosis
48,40.2,47,26,-1.6,59,Loose,Low (Lethargic),None,Dry,Pink,Stiff,Infection,Bacterial/Viral Infection
37,37.4,40,18,-4.6,68,Constipated,Low (Lethargic),None,Dry,Dry/Tacky,Normal,Dehydration,Severe Dehydration
17,39.3,55,19,-1.7,45,Loose,Low (Lethargic),None,Moist,Pink,Normal,Infection,Bacterial/Viral Infection
17,36.4,30,10,0.8,96,Normal,Moderate,None,Moist,Pink,Normal,Healthy,No_Diagnosis
23,36.8,60,19,-3.1,59,Normal,Low (Lethargic),None,Dry,Dry/Tacky,Stiff,Dehydration,Severe Dehydration
51,37.2,55,12,-4.5,57,Normal,Low (Lethargic),None,Dry,Dry/Tacky,Normal,Dehydration,Severe Dehydration
39,36.0,46,9,-0.6,39,Loose,High,None,Dry,Pale,Normal,Indigestion,Colic / Digestion Issue
20,39.4,52,23,-2.7,42,Loose,Low (Lethargic),None,Dry,Pale,Stiff,Infection,Bacterial/Viral Infection
38,37.1,59,16,-3.0,43,Normal,Low (Lethargic),None,Dry,Dry/Tacky,Stiff,Dehydration,Severe Dehydration
54,35.7,29,6,-0.5,85,Normal,Moderate,Mild,Moist,Pink,Stiff,Arthritis,Joint Inflammation
55,36.5,35,9,-1.6,70,Normal,Low (Lethargic),Mild,Moist,Pink,Lameness,Arthritis,Joint Inflammation
60,36.6,43,12,-4.3,53,Normal,Low (Lethargic),None,Dry,Dry/Tacky,Stiff,Dehydration,Severe Dehydration
11,36.1,31,11,-0.6,86,Normal,Moderate,None,Moist,Pink,Normal,Healthy,No_Diagnosis
44,38.5,52,25,-2.8,51,Normal,Low (Lethargic),Mild,Dry,Pink,Normal,Infection,Bacterial/Viral Infection
27,37.2,48,16,-2.3,26,Loose,Moderate,None,Moist,Pale,Normal,Indigestion,Colic / Digestion Issue
45,36.3,36,8,-2.0,38,Loose,Moderate,None,Moist,Pale,Normal,Indigestion,Colic / Digestion Issue
47,36.2,25,14,-0.9,93,Normal,Moderate,Mild,Moist,Pink,Stiff,Arthritis,Joint Inflammation
33,36.4,26,9,0.4,86,Normal,High,None,Moist,Pink,Normal,Healthy,No_Diagnosis
40,35.6,33,17,-0.5,49,Loose,Moderate,None,Moist,Pink,Normal,Indigestion,Colic / Digestion Issue
58,37.0,47,19,-4.3,40,Constipated,Low (Lethargic),None,Dry,Dry/Tacky,Normal,Dehydration,Severe Dehydration
31,35.5,39,16,-0.7,15,Constipated,Low (Lethargic),None,Moist,Pink,Normal,Indigestion,Colic / Digestion Issue
50,36.4,29,9,-0.9,94,Normal,High,None,Moist,Pink,Normal,Healthy,No_Diagnosis
9,36.6,31,6,-0.7,87,Normal,High,None,Moist,Pink,Normal,Healthy,No_Diagnosis
53,36.5,34,11,-0.6,97,Normal,High,None,Moist,Pink,Normal,Healthy,No_Diagnosis
31,36.2,34,10,0.3,87,Normal,Moderate,None,Moist,Pink,Normal,Healthy,No_Diagnosis
15,35.9,27,9,0.4,95,Normal,Moderate,None,Moist,Pink,Normal,Healthy,No_Diagnosis
16,36.3,33,14,-1.4,41,Loose,High,None,Dry,Pale,Normal,Indigestion,Colic / Digestion Issue
7,36.4,34,5,-0.5,91,Normal,Moderate,None,Moist,Pink,Normal,Healthy,No_Diagnosis
55,36.7,42,22,-3.4,41,Normal,Low (Lethargic),None,Dry,Dry/Tacky,Stiff,Dehydration,Severe Dehydration
39,36.7,32,12,-0.1,90,Normal,Moderate,None,Moist,Pink,Normal,Healthy,No_Diagnosis
56,36.7,35,9,0.6,97,Normal,High,None,Moist,Pink,Normal,Healthy,No_Diagnosis
13,39.4,43,23,-1.1,42,Loose,Low (Lethargic),Mild,Dry,Dry/Tacky,Stiff,Infection,Bacterial/Viral Infection
32,38.0,56,14,-4.7,60,Normal,Low (Lethargic),None,Dry,Dry/Tacky,Stiff,Dehydration,Severe Dehydration
17,39.6,39,26,-2.9,54,Loose,Low (Lethargic),Mild,Dry,Dry/Tacky,Normal,Infection,Bacterial/Viral Infection
43,36.9,58,20,-2.5,43,Constipated,Low (Lethargic),None,Dry,Dry/Tacky,Stiff,Dehydration,Severe Dehydration
18,36.5,29,6,-0.9,94,Normal,Moderate,None,Moist,Pink,Normal,Healthy,No_Diagnosis
38,36.2,29,5,0.7,91,Normal,High,None,Moist,Pink,Normal,Healthy,No_Diagnosis
38,36.3,32,5,0.1,89,Normal,High,None,Moist,Pink,Normal,Healthy,No_Diagnosis
38,35.8,33,7,-1.2,93,Normal,Moderate,Mild,Moist,Pink,Stiff,Arthritis,Joint Inflammation
28,37.5,42,22,-3.1,42,Normal,Low (Lethargic),None,Dry,Dry/Tacky,Normal,Dehydration,Severe Dehydration
22,40.1,41,16,-1.2,47,Loose,Low (Lethargic),None,Moist,Pale,Stiff,Infection,Bacterial/Viral Infection
45,36.0,38,9,-1.5,78,Normal,Low (Lethargic),Severe,Moist,Pink,Lameness,Arthritis,Joint Inflammation
56,37.7,49,23,-2.3,53,Normal,Low (Lethargic),None,Dry,Dry/Tacky,Stiff,Dehydration,Severe Dehydration
7,36.4,40,8,-1.7,38,Loose,High,None,Dry,Pink,Normal,Indigestion,Colic / Digestion Issue
48,38.1,48,20,-2.0,66,Constipated,Low (Lethargic),None,Dry,Dry/Tacky,Stiff,Dehydration,Severe Dehydration
48,40.2,58,25,-1.1,30,Loose,Low (Lethargic),Mild,Moist,Pink,Stiff,Infection,Bacterial/Viral Infection
32,36.0,25,6,-0.0,87,Normal,High,None,Moist,Pink,Normal,Healthy,No_Diagnosis
39,37.2,35,14,-0.2,10,Constipated,High,None,Moist,Pale,Normal,Indigestion,Colic / Digestion Issue
1,39.0,45,28,-2.3,60,Normal,Low (Lethargic),Mild,Moist,Dry/Tacky,Stiff,Infection,Bacterial/Viral Infection
59,36.6,31,6,0.4,87,Normal,High,None,Moist,Pink,Normal,Healthy,No_Diagnosis
44,38.9,54,30,-2.3,50,Loose,Low (Lethargic),None,Dry,Dry/Tacky,Stiff,Infection,Bacterial/Viral Infection
53,35.9,32,6,-0.8,89,Normal,Moderate,None,Moist,Pink,Normal,Healthy,No_Diagnosis
39,40.4,49,28,-2.4,38,Loose,Low (Lethargic),Mild,Dry,Dry/Tacky,Stiff,Infection,Bacterial/Viral Infection
51,36.0,26,7,-0.6,90,Normal,High,None,Moist,Pink,Normal,Healthy,No_Diagnosis
44,36.7,28,7,-0.4,87,Normal,Moderate,None,Moist,Pink,Normal,Healthy,No_Diagnosis
40,37.0,38,19,-2.1,27,Constipated,Moderate,Mild,Dry,Pink,Normal,Indigestion,Colic / Digestion Issue
55,38.3,56,27,-1.4,56,Loose,Low (Lethargic),Mild,Moist,Pink,Normal,Infection,Bacterial/Viral Infection
28,36.7,33,9,0.3,85,Normal,Moderate,None,Moist,Pink,Normal,Healthy,No_Diagnosis
38,35.7,34,11,0.2,89,Normal,Low (Lethargic),Mild,Moist,Pink,Stiff,Arthritis,Joint Inflammation
26,36.6,28,7,-0.5,88,Normal,Moderate,None,Moist,Pink,Normal,Healthy,No_Diagnosis
48,38.7,39,23,-1.1,55,Normal,Low (Lethargic),None,Dry,Pink,Stiff,Infection,Bacterial/Viral Infection
59,39.6,37,23,-1.5,60,Loose,Low (Lethargic),Mild,Dry,Dry/Tacky,Stiff,Infection,Bacterial/Viral Infection
35,39.6,47,19,-1.7,33,Normal,Low (Lethargic),None,Moist,Dry/Tacky,Normal,Infection,Bacterial/Viral Infection
31,36.6,31,6,0.2,90,Normal,Moderate,None,Moist,Pink,Normal,Healthy,No_Diagnosis
26,38.8,56,16,-2.7,43,Normal,Low (Lethargic),Mild,Dry,Pink,Stiff,Infection,Bacterial/Viral Infection
54,36.7,39,7,-0.5,86,Normal,Low (Lethargic),Severe,Moist,Pink,Stiff,Arthritis,Joint Inflammation
52,36.1,34,13,-1.8,70,Normal,Low (Lethargic),Severe,Moist,Pink,Stiff,Arthritis,Joint Inflammation
51,37.3,36,9,-0.1,18,Loose,Low (Lethargic),Mild,Moist,Pink,Normal,Indigestion,Colic / Digestion Issue
42,36.5,27,11,0.4,85,Normal,High,None,Moist,Pink,Normal,Healthy,No_Diagnosis
50,35.8,43,12,-2.4,46,Loose,High,Mild,Moist,Pale,Normal,Indigestion,Colic / Digestion Issue
57,36.7,52,20,-5.0,46,Normal,Low (Lethargic),None,Dry,Dry/Tacky,Stiff,Dehydration,Severe Dehydration
56,36.0,26,6,0.4,78,Normal,Low (Lethargic),Mild,Moist,Pink,Stiff,Arthritis,Joint Inflammation
20,36.6,35,8,-0.9,91,Normal,High,None,Moist,Pink,Normal,Healthy,No_Diagnosis
9,36.5,32,8,0.9,92,Normal,High,None,Moist,Pink,Normal,Healthy,No_Diagnosis
20,36.9,42,20,-2.9,64,Constipated,Low (Lethargic),None,Dry,Dry/Tacky,Stiff,Dehydration,Severe Dehydration
30,36.6,34,18,-0.3,40,Loose,Low (Lethargic),Mild,Dry,Pink,Normal,Indigestion,Colic / Digestion Issue
52,37.8,50,25,-4.0,64,Constipated,Low (Lethargic),None,Dry,Dry/Tacky,Normal,Dehydration,Severe Dehydration
58,35.8,40,13,-0.9,72,Normal,Moderate,Mild,Moist,Pink,Lameness,Arthritis,Joint Inflammation
11,38.2,54,24,-4.0,54,Normal,Low (Lethargic),None,Dry,Dry/Tacky,Stiff,Dehydration,Severe Dehydration
6,37.5,34,12,-0.5,33,Constipated,Low (Lethargic),None,Moist,Pale,Normal,Indigestion,Colic / Digestion Issue
4,37.2,50,19,-3.2,66,Normal,Low (Lethargic),None,Dry,Dry/Tacky,Normal,Dehydration,Severe Dehydration
55,36.7,32,10,-0.1,35,Constipated,High,Mild,Dry,Pink,Normal,Indigestion,Colic / Digestion Issue
38,37.7,53,25,-2.9,64,Constipated,Low (Lethargic),None,Dry,Dry/Tacky,Normal,Dehydration,Severe Dehydration
36,36.1,31,10,0.9,88,Normal,Moderate,None,Moist,Pink,Normal,Healthy,No_Diagnosis
4,37.7,59,17,-3.3,53,Constipated,Low (Lethargic),None,Dry,Dry/Tacky,Stiff,Dehydration,Severe Dehydration
55,35.8,34,8,1.0,91,Normal,Moderate,None,Moist,Pink,Normal,Healthy,No_Diagnosis
11,36.4,30,7,-0.3,95,Normal,Moderate,None,Moist,Pink,Normal,Healthy,No_Diagnosis
34,36.1,36,15,-2.2,24,Constipated,Moderate,None,Moist,Pale,Normal,Indigestion,Colic / Digestion Issue
34,37.8,43,15,-3.1,49,Normal,Low (Lethargic),None,Dry,Dry/Tacky,Stiff,Dehydration,Severe Dehydration
9,35.9,26,9,-0.9,94,Normal,Moderate,None,Moist,Pink,Normal,Healthy,No_Diagnosis
49,36.9,48,23,-4.2,51,Normal,Low (Lethargic),None,Dry,Dry/Tacky,Stiff,Dehydration,Severe Dehydration
55,38.9,39,15,-2.2,52,Normal,Low (Lethargic),Mild,Moist,Pale,Normal,Infection,Bacterial/Viral Infection
58,36.2,34,7,0.7,93,Normal,High,None,Moist,Pink,Normal,Healthy,No_Diagnosis
38,38.9,46,18,-2.5,57,Normal,Low (Lethargic),None,Dry,Pink,Normal,Infection,Bacterial/Viral Infection
8,36.5,28,9,0.3,87,Normal,High,None,Moist,Pink,Normal,Healthy,No_Diagnosis
26,38.0,50,26,-2.8,58,Normal,Low (Lethargic),None,Moist,Pale,Stiff,Infection,Bacterial/Viral Infection
35,37.0,54,19,-3.3,52,Constipated,Low (Lethargic),None,Dry,Dry/Tacky,Normal,Dehydration,Severe Dehydration
50,36.4,26,8,-1.0,93,Normal,Moderate,None,Moist,Pink,Normal,Healthy,No_Diagnosis
32,36.7,34,11,0.3,86,Normal,Moderate,None,Moist,Pink,Normal,Healthy,No_Diagnosis
40,35.8,33,5,0.6,90,Normal,Moderate,None,Moist,Pink,Normal,Healthy,No_Diagnosis
30,36.6,31,12,0.4,90,Normal,High,None,Moist,Pink,Normal,Healthy,No_Diagnosis
50,36.6,26,7,-0.9,93,Normal,High,None,Moist,Pink,Normal,Healthy,No_Diagnosis
38,38.1,45,23,-3.7,70,Constipated,Low (Lethargic),None,Dry,Dry/Tacky,Stiff,Dehydration,Severe Dehydration
34,37.4,36,9,-1.4,22,Constipated,High,Mild,Moist,Pink,Normal,Indigestion,Colic / Digestion Issue
30,36.5,33,9,1.0,86,Normal,Moderate,None,Moist,Pink,Normal,Healthy,No_Diagnosis
38,39.9,36,30,-1.6,47,Normal,Low (Lethargic),Mild,Moist,Pale,Stiff,Infection,Bacterial/Viral Infection
27,36.0,27,12,0.3,93,Normal,High,None,Moist,Pink,Normal,Healthy,No_Diagnosis
21,36.4,26,6,0.6,98,Normal,High,None,Moist,Pink,Normal,Healthy,No_Diagnosis
55,36.0,35,10,0.6,93,Normal,High,None,Moist,Pink,Normal,Healthy,No_Diagnosis
39,35.9,32,11,-0.3,98,Normal,Moderate,None,Moist,Pink,Normal,Healthy,No_Diagnosis
13,36.1,29,10,-0.1,98,Normal,High,None,Moist,Pink,Normal,Healthy,No_Diagnosis
38,36.7,34,9,-0.9,96,Normal,High,None,Moist,Pink,Normal,Healthy,No_Diagnosis
43,36.4,34,5,-0.3,92,Normal,High,None,Moist,Pink,Normal,Healthy,No_Diagnosis
54,37.4,45,12,-0.7,48,Loose,High,Mild,Moist,Pale,Normal,Indigestion,Colic / Digestion Issue
49,35.8,29,6,1.0,88,Normal,Moderate,None,Moist,Pink,Normal,Healthy,No_Diagnosis
39,35.9,33,5,0.4,85,Normal,High,None,Moist,Pink,Normal,Healthy,No_Diagnosis
57,39.3,35,16,-2.6,51,Normal,Low (Lethargic),Mild,Dry,Dry/Tacky,Normal,Infection,Bacterial/Viral Infection
11,36.3,29,10,-0.4,96,Normal,High,None,Moist,Pink,Normal,Healthy,No_Diagnosis
48,35.8,29,7,-0.2,92,Normal,High,None,Moist,Pink,Normal,Healthy,No_Diagnosis
1,36.7,28,6,-0.6,96,Normal,Moderate,None,Moist,Pink,Normal,Healthy,No_Diagnosis
10,36.2,27,8,0.1,90,Normal,High,None,Moist,Pink,Normal,Healthy,No_Diagnosis
41,36.4,30,11,-0.3,90,Normal,High,None,Moist,Pink,Normal,Healthy,No_Diagnosis
55,36.4,26,7,0.0,91,Normal,Moderate,None,Moist,Pink,Normal,Healthy,No_Diagnosis
6,38.6,40,20,-1.5,37,Loose,Low (Lethargic),Mild,Dry,Dry/Tacky,Normal,Infection,Bacterial/Viral Infection
8,40.5,42,28,-2.9,53,Normal,Low (Lethargic),Mild,Dry,Pale,Stiff,Infection,Bacterial/Viral Infection
35,36.5,29,10,0.3,96,Normal,Moderate,None,Moist,Pink,Normal,Healthy,No_Diagnosis
40,36.5,25,8,-0.0,93,Normal,Moderate,None,Moist,Pink,Normal,Healthy,No_Diagnosis
56,36.6,31,5,-0.6,88,Normal,High,None,Moist,Pink,Normal,Healthy,No_Diagnosis
34,36.7,33,5,0.5,93,Normal,High,None,Moist,Pink,Normal,Healthy,No_Diagnosis
36,36.4,35,7,0.7,99,Normal,Moderate,None,Moist,Pink,Normal,Healthy,No_Diagnosis
19,36.0,31,8,-0.0,86,Normal,High,None,Moist,Pink,Normal,Healthy,No_Diagnosis
49,36.3,35,11,-1.9,86,Normal,Moderate,Severe,Moist,Pink,Stiff,Arthritis,Joint Inflammation
55,35.8,42,9,-0.6,32,Constipated,Low (Lethargic),None,Moist,Pink,Normal,Indigestion,Colic / Digestion Issue
53,36.8,51,12,-2.8,40,Constipated,Low (Lethargic),None,Dry,Dry/Tacky,Stiff,Dehydration,Severe Dehydration
26,36.5,34,6,-0.4,98,Normal,Moderate,None,Moist,Pink,Normal,Healthy,No_Diagnosis
52,36.1,33,9,0.3,86,Normal,Moderate,None,Moist,Pink,Normal,Healthy,No_Diagnosis
20,37.6,48,14,-4.7,45,Constipated,Low (Lethargic),None,Dry,Dry/Tacky,Stiff,Dehydration,Severe Dehydration
34,37.3,41,8,-0.1,41,Loose,High,None,Moist,Pale,Normal,Indigestion,Colic / Digestion Issue
22,37.1,42,15,-3.8,69,Normal,Low (Lethargic),None,Dry,Dry/Tacky,Normal,Dehydration,Severe Dehydration
58,36.5,37,12,-0.6,87,Normal,Low (Lethargic),Severe,Moist,Pink,Stiff,Arthritis,Joint Inflammation
23,39.9,53,25,-1.6,50,Loose,Low (Lethargic),Mild,Dry,Pale,Normal,Infection,Bacterial/Viral Infection
27,36.0,33,8,-0.9,86,Normal,High,None,Moist,Pink,Normal,Healthy,No_Diagnosis
51,35.6,26,8,-1.6,75,Normal,Low (Lethargic),Severe,Moist,Pink,Lameness,Arthritis,Joint Inflammation
51,36.3,27,8,-0.8,93,Normal,High,None,Moist,Pink,Normal,Healthy,No_Diagnosis
43,36.0,33,12,-0.0,90,Normal,Moderate,None,Moist,Pink,Normal,Healthy,No_Diagnosis
21,36.7,27,7,-0.4,92,Normal,High,None,Moist,Pink,Normal,Healthy,No_Diagnosis
54,36.2,35,9,-0.6,16,Loose,Low (Lethargic),Mild,Dry,Pink,Normal,Indigestion,Colic / Digestion Issue
9,36.3,35,7,0.6,92,Normal,High,None,Moist,Pink,Normal,Healthy,No_Diagnosis
1,35.9,27,9,-0.5,88,Normal,Moderate,None,Moist,Pink,Normal,Healthy,No_Diagnosis
47,39.3,53,27,-2.1,47,Loose,Low (Lethargic),None,Dry,Dry/Tacky,Normal,Infection,Bacterial/Viral Infection
8,36.0,34,7,-0.2,97,Normal,High,None,Moist,Pink,Normal,Healthy,No_Diagnosis
27,36.1,35,12,-0.7,96,Normal,Moderate,None,Moist,Pink,Normal,Healthy,No_Diagnosis
35,39.4,59,15,-2.4,57,Normal,Low (Lethargic),Mild,Dry,Pale,Normal,Infection,Bacterial/Viral Infection
55,36.5,40,14,-1.6,90,Normal,Moderate,Severe,Moist,Pink,Stiff,Arthritis,Joint Inflammation
17,35.9,31,12,1.0,98,Normal,Moderate,None,Moist,Pink,Normal,Healthy,No_Diagnosis
52,36.5,33,5,0.1,100,Normal,Moderate,None,Moist,Pink,Normal,Healthy,No_Diagnosis
32,36.3,34,9,-0.5,99,Normal,Moderate,None,Moist,Pink,Normal,Healthy,No_Diagnosis
56,35.9,27,5,-0.0,93,Normal,High,None,Moist,Pink,Normal,Healthy,No_Diagnosis
38,36.4,25,9,0.3,99,Normal,Moderate,None,Moist,Pink,Normal,Healthy,No_Diagnosis
9,36.4,48,10,-0.8,38,Constipated,High,None,Dry,Pink,Normal,Indigestion,Colic / Digestion Issue
44,36.9,34,11,-0.6,86,Normal,Low (Lethargic),Mild,Moist,Pink,Lameness,Arthritis,Joint Inflammation
10,36.3,34,12,0.3,93,Normal,High,None,Moist,Pink,Normal,Healthy,No_Diagnosis
46,36.5,27,7,0.3,97,Normal,Moderate,None,Moist,Pink,Normal,Healthy,No_Diagnosis
10,36.1,32,11,-0.5,88,Normal,Moderate,None,Moist,Pink,Normal,Healthy,No_Diagnosis
59,36.4,34,10,0.8,96,Normal,High,None,Moist,Pink,Normal,Healthy,No_Diagnosis
39,36.6,32,9,0.3,93,Normal,High,None,Moist,Pink,Normal,Healthy,No_Diagnosis
23,37.4,41,17,-3.9,57,Constipated,Low (Lethargic),None,Dry,Dry/Tacky,Stiff,Dehydration,Severe Dehydration
23,35.8,25,11,-0.4,86,Normal,Moderate,None,Moist,Pink,Normal,Healthy,No_Diagnosis
60,36.4,28,11,-1.8,93,Normal,Low (Lethargic),Mild,Moist,Pink,Lameness,Arthritis,Joint Inflammation
50,36.4,26,12,-0.2,75,Normal,Low (Lethargic),Mild,Moist,Pink,Stiff,Arthritis,Joint Inflammation
42,36.2,29,5,-0.8,90,Normal,Moderate,None,Moist,Pink,Normal,Healthy,No_Diagnosis
38,36.7,34,10,-0.7,98,Normal,Moderate,None,Moist,Pink,Normal,Healthy,No_Diagnosis
